"area","area2","year","age","cage"
"can","8ce",1991,0,7814
"ngal","8cw",1991,0,28361
"npor","9acn",1991,0,756866
"swpor","9acs",1991,0,236301
"sgal","9an",1991,0,517466
"spor","9asa",1991,0,26771
"can","8ce",1992,0,10660
"ngal","8cw",1992,0,24149
"npor","9acn",1992,0,184248
"swpor","9acs",1992,0,2187
"sgal","9an",1992,0,268401
"spor","9asa",1992,0,620
"can","8ce",1993,0,90
"ngal","8cw",1993,0,49335
"npor","9acn",1993,0,931
"swpor","9acs",1993,0,31396
"sgal","9an",1993,0,5560
"spor","9asa",1993,0,496
"can","8ce",1994,0,7
"ngal","8cw",1994,0,17151
"npor","9acn",1994,0,13986
"swpor","9acs",1994,0,77650
"sgal","9an",1994,0,12002
"can","8ce",1995,0,144
"ngal","8cw",1995,0,1854
"npor","9acn",1995,0,2644
"swpor","9acs",1995,0,22013
"sgal","9an",1995,0,3684
"can","8ce",1996,0,67
"ngal","8cw",1996,0,3849
"npor","9acn",1996,0,185985
"swpor","9acs",1996,0,74942
"sgal","9an",1996,0,11575
"spor","9asa",1996,0,483
"can","8ce",1997,0,14592
"ngal","8cw",1997,0,13302
"npor","9acn",1997,0,57693
"swpor","9acs",1997,0,20713
"sgal","9an",1997,0,80158
"spor","9asa",1997,0,722.6
"can","8ce",1998,0,694
"ngal","8cw",1998,0,2248
"npor","9acn",1998,0,256302.13
"swpor","9acs",1998,0,18705.54
"sgal","9an",1998,0,26281
"spor","9asa",1998,0,15737.9
"cad","9asc",1998,0,129146
"can","8ce",1999,0,4903
"ngal","8cw",1999,0,6469
"npor","9acn",1999,0,157111
"swpor","9acs",1999,0,11858
"sgal","9an",1999,0,10161
"spor","9asa",1999,0,690
"cad","9asc",1999,0,54824
"can","8ce",2000,0,1012
"ngal","8cw",2000,0,2256
"npor","9acn",2000,0,326664
"swpor","9acs",2000,0,67424
"sgal","9an",2000,0,25119
"spor","9asa",2000,0,24099
"cad","9asc",2000,0,43251
"can","8ce",2001,0,15001
"ngal","8cw",2001,0,4029
"npor","9acn",2001,0,72358
"swpor","9acs",2001,0,17881
"sgal","9an",2001,0,36365
"spor","9asa",2001,0,50848
"cad","9asc",2001,0,23491
"bisc","8ab",2002,0,3703.325637
"can","8ce",2002,0,181
"ngal","8cw",2002,0,3507
"npor","9acn",2002,0,79494
"swpor","9acs",2002,0,9945
"sgal","9an",2002,0,6527
"cad","9asc",2002,0,3619
"bisc","8ab",2003,0,4381.7098638
"can","8ce",2003,0,13546
"ngal","8cw",2003,0,10414
"npor","9acn",2003,0,94378
"swpor","9acs",2003,0,9580
"sgal","9an",2003,0,3090
"spor","9asa",2003,0,2398
"cad","9asc",2003,0,65006
"bisc","8ab",2004,0,22283.43653927
"can","8ce",2004,0,43748
"ngal","8cw",2004,0,21836
"npor","9acn",2004,0,434316.55
"swpor","9acs",2004,0,12396.67
"sgal","9an",2004,0,61920
"spor","9asa",2004,0,9416.54
"cad","9asc",2004,0,6276
"bisc","8ab",2005,0,4114.095601
"can","8ce",2005,0,188.8891802
"ngal","8cw",2005,0,7979.46
"npor","9acn",2005,0,83489.26296
"swpor","9acs",2005,0,4442.2927641
"sgal","9an",2005,0,44552.84
"spor","9asa",2005,0,1557.4987535
"cad","9asc",2005,0,27018.59
"bisc","8ab",2006,0,8895.8179753
"can","8ce",2006,0,1296.16
"ngal","8cw",2006,0,3683.99
"npor","9acn",2006,0,3747.443387
"swpor","9acs",2006,0,0
"sgal","9an",2006,0,5370.52
"spor","9asa",2006,0,591.8371377
"cad","9asc",2006,0,3612.63
"bisc","8ab",2007,0,24017.3956864
"can","8ce",2007,0,7712.73
"ngal","8cw",2007,0,4810.62
"npor","9acn",2007,0,72422.689724
"swpor","9acs",2007,0,2657.686279
"sgal","9an",2007,0,4137.78
"spor","9asa",2007,0,8850.7824086
"cad","9asc",2007,0,98771.95
"bisc","8ab",2008,0,3845.384077
"can","8ce",2008,0,387.62
"ngal","8cw",2008,0,29651.16
"npor","9acn",2008,0,162538.57112
"swpor","9acs",2008,0,5093.413491
"sgal","9an",2008,0,16115.85
"spor","9asa",2008,0,3812.368871
"cad","9asc",2008,0,80806.38
"bisc","8ab",2009,0,7312.119222
"can","8ce",2009,0,596.9
"ngal","8cw",2009,0,11427.33
"npor","9acn",2009,0,313522.38974
"swpor","9acs",2009,0,1268.3736333
"sgal","9an",2009,0,36981.33
"spor","9asa",2009,0,396.7612113
"cad","9asc",2009,0,14111.13
"bisc","8ab",2010,0,1884.9645598
"can","8ce",2010,0,120.35
"ngal","8cw",2010,0,1328.32
"npor","9acn",2010,0,137767.35365
"swpor","9acs",2010,0,1144.6027016
"sgal","9an",2010,0,35219.54
"spor","9asa",2010,0,15129.652461
"cad","9asc",2010,0,87601.59
"bisc","8ab",2011,0,3938.188340849
"can","8ce",2011,0,1797.76
"ngal","8cw",2011,0,11535.48
"npor","9acn",2011,0,132870.37965
"swpor","9acs",2011,0,1899.2792076
"sgal","9an",2011,0,19612.06
"spor","9asa",2011,0,495.11981111
"cad","9asc",2011,0,173325.04
"bisc","8ab",2012,0,4341.2423735
"can","8ce",2012,0,3405
"ngal","8cw",2012,0,1006.63
"npor","9acn",2012,0,81790.47
"swpor","9acs",2012,0,15077.07
"sgal","9an",2012,0,7094.28
"spor","9asa",2012,0,54.76
"cad","9asc",2012,0,111736.01
"bisc","8ab",2013,0,9821.472065927
"can","8ce",2013,0,3797.94
"ngal","8cw",2013,0,8922.03
"npor","9acn",2013,0,93286.25
"swpor","9acs",2013,0,5664.53
"sgal","9an",2013,0,15227.09
"spor","9asa",2013,0,4215.63
"cad","9asc",2013,0,149430.94
"bisc","8ab",2014,0,20494.0782302
"can","8ce",2014,0,4211
"ngal","8cw",2014,0,989.24
"npor","9acn",2014,0,31015.18
"swpor","9acs",2014,0,866.83
"sgal","9an",2014,0,954.86
"spor","9asa",2014,0,433.13
"cad","9asc",2014,0,25478.88
"can","8ce",1991,1,15905
"ngal","8cw",1991,1,33649
"npor","9acn",1991,1,138902
"swpor","9acs",1991,1,93029
"sgal","9an",1991,1,96634
"spor","9asa",1991,1,78249
"can","8ce",1992,1,13749
"ngal","8cw",1992,1,144563
"npor","9acn",1992,1,420182
"swpor","9acs",1992,1,170240
"sgal","9an",1992,1,162544
"spor","9asa",1992,1,73578
"can","8ce",1993,1,13294
"ngal","8cw",1993,1,45227
"npor","9acn",1993,1,221086
"swpor","9acs",1993,1,111659
"sgal","9an",1993,1,154916
"spor","9asa",1993,1,16039
"can","8ce",1994,1,920
"ngal","8cw",1994,1,2829
"npor","9acn",1994,1,6902
"swpor","9acs",1994,1,33979
"sgal","9an",1994,1,15227
"spor","9asa",1994,1,337
"can","8ce",1995,1,5942
"ngal","8cw",1995,1,4957
"npor","9acn",1995,1,96098
"swpor","9acs",1995,1,58115
"sgal","9an",1995,1,17690
"spor","9asa",1995,1,3346
"can","8ce",1996,1,4300
"ngal","8cw",1996,1,2103
"npor","9acn",1996,1,31835
"swpor","9acs",1996,1,33052
"sgal","9an",1996,1,12376
"spor","9asa",1996,1,13260
"can","8ce",1997,1,4538
"ngal","8cw",1997,1,9409
"npor","9acn",1997,1,245803
"swpor","9acs",1997,1,114042
"sgal","9an",1997,1,81468
"spor","9asa",1997,1,24487.8
"can","8ce",1998,1,23751
"ngal","8cw",1998,1,18077
"npor","9acn",1998,1,165347.83
"swpor","9acs",1998,1,68657.33
"sgal","9an",1998,1,26232
"spor","9asa",1998,1,15148.97
"cad","9asc",1998,1,42992
"can","8ce",1999,1,31711
"ngal","8cw",1999,1,10078
"npor","9acn",1999,1,218570
"swpor","9acs",1999,1,78451
"sgal","9an",1999,1,20906
"spor","9asa",1999,1,15428
"cad","9asc",1999,1,100082
"can","8ce",2000,1,6550
"ngal","8cw",2000,1,4524
"npor","9acn",2000,1,231879
"swpor","9acs",2000,1,64974
"sgal","9an",2000,1,15171
"spor","9asa",2000,1,10713
"cad","9asc",2000,1,21011
"can","8ce",2001,1,33740
"ngal","8cw",2001,1,84225
"npor","9acn",2001,1,654695
"swpor","9acs",2001,1,165462
"sgal","9an",2001,1,143038
"spor","9asa",2001,1,42527
"cad","9asc",2001,1,48615
"bisc","8ab",2002,1,162937.87991022
"can","8ce",2002,1,14278
"ngal","8cw",2002,1,14991
"npor","9acn",2002,1,179146
"swpor","9acs",2002,1,92880
"sgal","9an",2002,1,16837
"spor","9asa",2002,1,95813
"cad","9asc",2002,1,177021
"bisc","8ab",2003,1,89475.427336324
"can","8ce",2003,1,13882
"ngal","8cw",2003,1,2385
"npor","9acn",2003,1,194247
"swpor","9acs",2003,1,64140
"sgal","9an",2003,1,6248
"spor","9asa",2003,1,5324
"cad","9asc",2003,1,32466
"bisc","8ab",2004,1,88305.7407263
"can","8ce",2004,1,7363
"ngal","8cw",2004,1,18092
"npor","9acn",2004,1,42368.2
"swpor","9acs",2004,1,31598.99
"sgal","9an",2004,1,2731
"spor","9asa",2004,1,12427.1
"cad","9asc",2004,1,65941
"bisc","8ab",2005,1,91371.144556498
"can","8ce",2005,1,22823.484421
"ngal","8cw",2005,1,64191.57
"npor","9acn",2005,1,536204.46319
"swpor","9acs",2005,1,124240.64795
"sgal","9an",2005,1,137409.21
"spor","9asa",2005,1,7747.9361126
"cad","9asc",2005,1,112900.11
"bisc","8ab",2006,1,35588.4365792
"can","8ce",2006,1,2288.65
"ngal","8cw",2006,1,5401.72
"npor","9acn",2006,1,115502.07437
"swpor","9acs",2006,1,11186.674559
"sgal","9an",2006,1,31304.85
"spor","9asa",2006,1,14523.4594341
"cad","9asc",2006,1,69575.11
"bisc","8ab",2007,1,66813.23881172
"can","8ce",2007,1,4940.27
"ngal","8cw",2007,1,5642.01
"npor","9acn",2007,1,20371.616983
"swpor","9acs",2007,1,5569.2322065
"sgal","9an",2007,1,19633.68
"spor","9asa",2007,1,3519.73322827
"cad","9asc",2007,1,22407.92
"bisc","8ab",2008,1,162407.9926257
"can","8ce",2008,1,20559.23
"ngal","8cw",2008,1,3429.73
"npor","9acn",2008,1,77857.541108
"swpor","9acs",2008,1,20678.772727
"sgal","9an",2008,1,22893.02
"spor","9asa",2008,1,5353.9597754
"cad","9asc",2008,1,68433.14
"bisc","8ab",2009,1,100934.27447776
"can","8ce",2009,1,17335.35
"ngal","8cw",2009,1,11604.52
"npor","9acn",2009,1,223596.77166
"swpor","9acs",2009,1,13176.5929851
"sgal","9an",2009,1,16204.07
"spor","9asa",2009,1,6149.924069
"cad","9asc",2009,1,65771.37
"bisc","8ab",2010,1,37461.92457977
"can","8ce",2010,1,1066.78
"ngal","8cw",2010,1,2111.37
"npor","9acn",2010,1,381019.36108
"swpor","9acs",2010,1,25216.3279093
"sgal","9an",2010,1,70989.22
"spor","9asa",2010,1,11925.4203549
"cad","9asc",2010,1,24215.84
"bisc","8ab",2011,1,42575.021782315
"can","8ce",2011,1,5052.41
"ngal","8cw",2011,1,14411.73
"npor","9acn",2011,1,210046.66824
"swpor","9acs",2011,1,24523.0479498
"sgal","9an",2011,1,23007.46
"spor","9asa",2011,1,9753.4257472
"cad","9asc",2011,1,165464.33
"bisc","8ab",2012,1,168344.516173
"can","8ce",2012,1,11117.64
"ngal","8cw",2012,1,4157.68
"npor","9acn",2012,1,93211.84
"swpor","9acs",2012,1,12025.63
"sgal","9an",2012,1,22652.35
"spor","9asa",2012,1,1653.49
"cad","9asc",2012,1,49065.68
"bisc","8ab",2013,1,256384.27162138
"can","8ce",2013,1,13407.69
"ngal","8cw",2013,1,5041.83
"npor","9acn",2013,1,63175.2
"swpor","9acs",2013,1,16142.08
"sgal","9an",2013,1,11186.9
"spor","9asa",2013,1,21827.41
"cad","9asc",2013,1,102153.3
"bisc","8ab",2014,1,243107.54084775
"can","8ce",2014,1,7009.22
"ngal","8cw",2014,1,5027.65
"npor","9acn",2014,1,56281.19
"swpor","9acs",2014,1,15887.17
"sgal","9an",2014,1,20508.77
"spor","9asa",2014,1,6629.7
"cad","9asc",2014,1,77748.86
"can","8ce",1991,2,13146
"ngal","8cw",1991,2,14234
"npor","9acn",1991,2,111615
"swpor","9acs",1991,2,126153
"sgal","9an",1991,2,12866
"spor","9asa",1991,2,126067
"can","8ce",1992,2,6972
"ngal","8cw",1992,2,24412
"npor","9acn",1992,2,130616
"swpor","9acs",1992,2,180302
"sgal","9an",1992,2,19156
"spor","9asa",1992,2,61909
"can","8ce",1993,2,18097
"ngal","8cw",1993,2,68443
"npor","9acn",1993,2,458853
"swpor","9acs",1993,2,195745
"sgal","9an",1993,2,172812
"spor","9asa",1993,2,136868
"can","8ce",1994,2,18048
"ngal","8cw",1994,2,55096
"npor","9acn",1994,2,158070
"swpor","9acs",1994,2,123217
"sgal","9an",1994,2,110614
"spor","9asa",1994,2,62118
"can","8ce",1995,2,8563
"ngal","8cw",1995,2,7809
"npor","9acn",1995,2,111941
"swpor","9acs",1995,2,85006
"sgal","9an",1995,2,26102
"spor","9asa",1995,2,33294
"can","8ce",1996,2,9014
"ngal","8cw",1996,2,7148
"npor","9acn",1996,2,108417
"swpor","9acs",1996,2,75584
"sgal","9an",1996,2,32065
"spor","9asa",1996,2,92161
"can","8ce",1997,2,17577
"ngal","8cw",1997,2,15308
"npor","9acn",1997,2,169529
"swpor","9acs",1997,2,94513
"sgal","9an",1997,2,54813
"spor","9asa",1997,2,69034.7
"can","8ce",1998,2,25128
"ngal","8cw",1998,2,20090
"npor","9acn",1998,2,230509.85
"swpor","9acs",1998,2,164889.39
"sgal","9an",1998,2,12169
"spor","9asa",1998,2,32646.73
"cad","9asc",1998,2,16152
"can","8ce",1999,2,13393
"ngal","8cw",1999,2,7442
"npor","9acn",1999,2,146713
"swpor","9acs",1999,2,91793
"sgal","9an",1999,2,10825
"spor","9asa",1999,2,53057
"cad","9asc",1999,2,38283
"can","8ce",2000,2,23588
"ngal","8cw",2000,2,12026
"npor","9acn",2000,2,81895
"swpor","9acs",2000,2,89241
"sgal","9an",2000,2,18426
"spor","9asa",2000,2,68120
"cad","9asc",2000,2,20673
"can","8ce",2001,2,21862
"ngal","8cw",2001,2,16343
"npor","9acn",2001,2,62875
"swpor","9acs",2001,2,82271
"sgal","9an",2001,2,15721
"spor","9asa",2001,2,36886
"cad","9asc",2001,2,20174
"bisc","8ab",2002,2,67783.197953824
"can","8ce",2002,2,20285
"ngal","8cw",2002,2,46690
"npor","9acn",2002,2,383075
"swpor","9acs",2002,2,144892
"sgal","9an",2002,2,43889
"spor","9asa",2002,2,54886
"cad","9asc",2002,2,60179
"bisc","8ab",2003,2,62145.3648669
"can","8ce",2003,2,20840
"ngal","8cw",2003,2,17880
"npor","9acn",2003,2,129508
"swpor","9acs",2003,2,129419
"sgal","9an",2003,2,17646
"spor","9asa",2003,2,52638
"cad","9asc",2003,2,78319
"bisc","8ab",2004,2,50183.74345886
"can","8ce",2004,2,11326
"ngal","8cw",2004,2,5660
"npor","9acn",2004,2,80082.19
"swpor","9acs",2004,2,77633.97
"sgal","9an",2004,2,9527
"spor","9asa",2004,2,15830
"cad","9asc",2004,2,63463
"bisc","8ab",2005,2,41479.169539242
"can","8ce",2005,2,14352.457923
"ngal","8cw",2005,2,24925.13
"npor","9acn",2005,2,25595.189485
"swpor","9acs",2005,2,72521.40248
"sgal","9an",2005,2,20922.06
"spor","9asa",2005,2,34117.877382
"cad","9asc",2005,2,73778.38
"bisc","8ab",2006,2,84755.390877415
"can","8ce",2006,2,15400.43
"ngal","8cw",2006,2,52757.27
"npor","9acn",2006,2,428891.05618
"swpor","9acs",2006,2,124401.35104
"sgal","9an",2006,2,88047.74
"spor","9asa",2006,2,30184.130166
"cad","9asc",2006,2,35469.64
"bisc","8ab",2007,2,25930.16512734
"can","8ce",2007,2,5728.5
"ngal","8cw",2007,2,17231.69
"npor","9acn",2007,2,151491.41218
"swpor","9acs",2007,2,49585.060472
"sgal","9an",2007,2,35296.08
"spor","9asa",2007,2,15130.020483
"cad","9asc",2007,2,38989.83
"bisc","8ab",2008,2,71483.7625023
"can","8ce",2008,2,10204.27
"ngal","8cw",2008,2,5976.08
"npor","9acn",2008,2,88203.551164
"swpor","9acs",2008,2,17975.557159
"sgal","9an",2008,2,17266.07
"spor","9asa",2008,2,17904.2774341
"cad","9asc",2008,2,25106.29
"bisc","8ab",2009,2,119848.5801612
"can","8ce",2009,2,20839.85
"ngal","8cw",2009,2,6921.04
"npor","9acn",2009,2,76725.417848
"swpor","9acs",2009,2,41272.514688
"sgal","9an",2009,2,10485.82
"spor","9asa",2009,2,15059.10274
"cad","9asc",2009,2,24314.49
"bisc","8ab",2010,2,106188.3904603
"can","8ce",2010,2,14229.89
"ngal","8cw",2010,2,12040.98
"npor","9acn",2010,2,159918.81238
"swpor","9acs",2010,2,25738.494561
"sgal","9an",2010,2,11260.26
"spor","9asa",2010,2,17872.459814
"cad","9asc",2010,2,22272.71
"bisc","8ab",2011,2,62665.66139073
"can","8ce",2011,2,3895.61
"ngal","8cw",2011,2,15326.58
"npor","9acn",2011,2,245473.25488
"swpor","9acs",2011,2,48202.372045
"sgal","9an",2011,2,33506.67
"spor","9asa",2011,2,11385.73986639
"cad","9asc",2011,2,25562.26
"bisc","8ab",2012,2,81396.847525
"can","8ce",2012,2,17456.79
"ngal","8cw",2012,2,6171.2
"npor","9acn",2012,2,81896.14
"swpor","9acs",2012,2,23128.81
"sgal","9an",2012,2,10350.05
"spor","9asa",2012,2,5861.63
"cad","9asc",2012,2,23240.19
"bisc","8ab",2013,2,136538.60094255
"can","8ce",2013,2,11181.71
"ngal","8cw",2013,2,3911.3
"npor","9acn",2013,2,48953.01
"swpor","9acs",2013,2,30005.16
"sgal","9an",2013,2,5236.78
"spor","9asa",2013,2,16652.46
"cad","9asc",2013,2,39901.32
"bisc","8ab",2014,2,309392.4118549
"can","8ce",2014,2,5647.63
"ngal","8cw",2014,2,9792.12
"npor","9acn",2014,2,21579.84
"swpor","9acs",2014,2,20377.92
"sgal","9an",2014,2,6960.4
"spor","9asa",2014,2,11055.69
"cad","9asc",2014,2,34388.27
"can","8ce",1991,3,9669
"ngal","8cw",1991,3,10479
"npor","9acn",1991,3,97334
"swpor","9acs",1991,3,124629
"sgal","9an",1991,3,6571
"spor","9asa",1991,3,131204
"can","8ce",1992,3,13902
"ngal","8cw",1992,3,24369
"npor","9acn",1992,3,77393
"swpor","9acs",1992,3,134078
"sgal","9an",1992,3,13419
"spor","9asa",1992,3,54152
"can","8ce",1993,3,12589
"ngal","8cw",1993,3,43167
"npor","9acn",1993,3,159061
"swpor","9acs",1993,3,147077
"sgal","9an",1993,3,71623
"spor","9asa",1993,3,68941
"can","8ce",1994,3,27929
"ngal","8cw",1994,3,75602
"npor","9acn",1994,3,487369
"swpor","9acs",1994,3,237113
"sgal","9an",1994,3,93286
"spor","9asa",1994,3,137142
"can","8ce",1995,3,28334
"ngal","8cw",1995,3,39930
"npor","9acn",1995,3,265360
"swpor","9acs",1995,3,196743
"sgal","9an",1995,3,73764
"spor","9asa",1995,3,193578
"can","8ce",1996,3,6647
"ngal","8cw",1996,3,9652
"npor","9acn",1996,3,189521
"swpor","9acs",1996,3,154271
"sgal","9an",1996,3,17399
"spor","9asa",1996,3,108955
"can","8ce",1997,3,22401
"ngal","8cw",1997,3,11397
"npor","9acn",1997,3,105581
"swpor","9acs",1997,3,108852
"sgal","9an",1997,3,27697
"spor","9asa",1997,3,92097.1
"can","8ce",1998,3,31035
"ngal","8cw",1998,3,16238
"npor","9acn",1998,3,69320.39
"swpor","9acs",1998,3,124166.43
"sgal","9an",1998,3,6259
"spor","9asa",1998,3,86681.94
"cad","9asc",1998,3,18782
"can","8ce",1999,3,17747
"ngal","8cw",1999,3,10500
"npor","9acn",1999,3,115126
"swpor","9acs",1999,3,126660
"sgal","9an",1999,3,4156
"spor","9asa",1999,3,51226
"cad","9asc",1999,3,14279
"can","8ce",2000,3,26362
"ngal","8cw",2000,3,10589
"npor","9acn",2000,3,39123
"swpor","9acs",2000,3,92287
"sgal","9an",2000,3,4228
"spor","9asa",2000,3,70011
"cad","9asc",2000,3,12921
"can","8ce",2001,3,27378
"ngal","8cw",2001,3,6499
"npor","9acn",2001,3,19979
"swpor","9acs",2001,3,80310
"sgal","9an",2001,3,7152
"spor","9asa",2001,3,38300
"cad","9asc",2001,3,16281
"bisc","8ab",2002,3,25016.337937913
"can","8ce",2002,3,24684
"ngal","8cw",2002,3,18613
"npor","9acn",2002,3,42980
"swpor","9acs",2002,3,53050
"sgal","9an",2002,3,7791
"spor","9asa",2002,3,18764
"cad","9asc",2002,3,15499
"bisc","8ab",2003,3,27446.56344213
"can","8ce",2003,3,19009
"ngal","8cw",2003,3,47435
"npor","9acn",2003,3,225363
"swpor","9acs",2003,3,136751
"sgal","9an",2003,3,40297
"spor","9asa",2003,3,30354
"cad","9asc",2003,3,18988
"bisc","8ab",2004,3,36191.33168659
"can","8ce",2004,3,31235
"ngal","8cw",2004,3,17224
"npor","9acn",2004,3,86632.39
"swpor","9acs",2004,3,122689.54
"sgal","9an",2004,3,28371
"spor","9asa",2004,3,55541.06
"cad","9asc",2004,3,45021
"bisc","8ab",2005,3,29104.731039833
"can","8ce",2005,3,23368.435129
"ngal","8cw",2005,3,15779.8
"npor","9acn",2005,3,24561.584669
"swpor","9acs",2005,3,87926.03981
"sgal","9an",2005,3,15445.25
"spor","9asa",2005,3,23500.258018
"cad","9asc",2005,3,16075.39
"bisc","8ab",2006,3,30337.336507636
"can","8ce",2006,3,17347.61
"ngal","8cw",2006,3,7441.32
"npor","9acn",2006,3,11241.968713
"swpor","9acs",2006,3,39289.152522
"sgal","9an",2006,3,16563.34
"spor","9asa",2006,3,18955.057736
"cad","9asc",2006,3,17797.42
"bisc","8ab",2007,3,59416.2228938
"can","8ce",2007,3,20902.81
"ngal","8cw",2007,3,39542.14
"npor","9acn",2007,3,297849.90541
"swpor","9acs",2007,3,92217.18351
"sgal","9an",2007,3,56122.12
"spor","9asa",2007,3,15444.39229
"cad","9asc",2007,3,13627.42
"bisc","8ab",2008,3,26645.2154919
"can","8ce",2008,3,15608.56
"ngal","8cw",2008,3,17230.44
"npor","9acn",2008,3,204144.56314
"swpor","9acs",2008,3,74387.04359
"sgal","9an",2008,3,27476.64
"spor","9asa",2008,3,15908.867246
"cad","9asc",2008,3,15496.63
"bisc","8ab",2009,3,42948.7683662
"can","8ce",2009,3,7393.31
"ngal","8cw",2009,3,8327.36
"npor","9acn",2009,3,29818.588638
"swpor","9acs",2009,3,44822.865524
"sgal","9an",2009,3,8931.3
"spor","9asa",2009,3,14364.341521
"cad","9asc",2009,3,11666.18
"bisc","8ab",2010,3,58439.9388928
"can","8ce",2010,3,28225.4
"ngal","8cw",2010,3,15071.29
"npor","9acn",2010,3,36158.727713
"swpor","9acs",2010,3,32745.540157
"sgal","9an",2010,3,7392.14
"spor","9asa",2010,3,11763.603897
"cad","9asc",2010,3,4680.09
"bisc","8ab",2011,3,118526.099713778
"can","8ce",2011,3,13252.94
"ngal","8cw",2011,3,7847.32
"npor","9acn",2011,3,27294.07192
"swpor","9acs",2011,3,37681.268763
"sgal","9an",2011,3,5315.15
"spor","9asa",2011,3,22131.1318703
"cad","9asc",2011,3,8614.29
"bisc","8ab",2012,3,74962.8412474
"can","8ce",2012,3,17465.9
"ngal","8cw",2012,3,11133.81
"npor","9acn",2012,3,44478.68
"swpor","9acs",2012,3,30033.18
"sgal","9an",2012,3,11277.27
"spor","9asa",2012,3,4362.34
"cad","9asc",2012,3,4224.84
"bisc","8ab",2013,3,52647.801143747
"can","8ce",2013,3,7710.51
"ngal","8cw",2013,3,4061.7
"npor","9acn",2013,3,22531.55
"swpor","9acs",2013,3,26984.29
"sgal","9an",2013,3,2897.35
"spor","9asa",2013,3,13250
"cad","9asc",2013,3,10488.84
"bisc","8ab",2014,3,56630.1894254
"can","8ce",2014,3,2677.27
"ngal","8cw",2014,3,5541.39
"npor","9acn",2014,3,11295.94
"swpor","9acs",2014,3,17688.9
"sgal","9an",2014,3,2840.73
"spor","9asa",2014,3,7269.97
"cad","9asc",2014,3,7236.17
"can","8ce",1991,4,29594
"ngal","8cw",1991,4,34810
"npor","9acn",1991,4,73705
"swpor","9acs",1991,4,37870
"sgal","9an",1991,4,14776
"spor","9asa",1991,4,64909
"can","8ce",1992,4,8596
"ngal","8cw",1992,4,11292
"npor","9acn",1992,4,55661
"swpor","9acs",1992,4,64745
"sgal","9an",1992,4,5289
"spor","9asa",1992,4,29558
"can","8ce",1993,4,9995
"ngal","8cw",1993,4,24195
"npor","9acn",1993,4,62654
"swpor","9acs",1993,4,93306
"sgal","9an",1993,4,19736
"spor","9asa",1993,4,35323
"can","8ce",1994,4,9614
"ngal","8cw",1994,4,18242
"npor","9acn",1994,4,92897
"swpor","9acs",1994,4,84601
"sgal","9an",1994,4,13656
"spor","9asa",1994,4,42454
"can","8ce",1995,4,32639
"ngal","8cw",1995,4,45159
"npor","9acn",1995,4,110975
"swpor","9acs",1995,4,111643
"sgal","9an",1995,4,56168
"spor","9asa",1995,4,83297
"can","8ce",1996,4,25820
"ngal","8cw",1996,4,41282
"npor","9acn",1996,4,184991
"swpor","9acs",1996,4,221958
"sgal","9an",1996,4,52052
"spor","9asa",1996,4,100752
"can","8ce",1997,4,30719
"ngal","8cw",1997,4,16766
"npor","9acn",1997,4,63468
"swpor","9acs",1997,4,93840
"sgal","9an",1997,4,23010
"spor","9asa",1997,4,87453.6
"can","8ce",1998,4,22572
"ngal","8cw",1998,4,8538
"npor","9acn",1998,4,21927.77
"swpor","9acs",1998,4,59947.47
"sgal","9an",1998,4,2870
"spor","9asa",1998,4,105997.46
"cad","9asc",1998,4,11820
"can","8ce",1999,4,16443
"ngal","8cw",1999,4,11810
"npor","9acn",1999,4,18645
"swpor","9acs",1999,4,45627
"sgal","9an",1999,4,1711
"spor","9asa",1999,4,74626
"cad","9asc",1999,4,8308
"can","8ce",2000,4,23244
"ngal","8cw",2000,4,11057
"npor","9acn",2000,4,15677
"swpor","9acs",2000,4,72439
"sgal","9an",2000,4,2764
"spor","9asa",2000,4,59984
"cad","9asc",2000,4,8992
"can","8ce",2001,4,17167
"ngal","8cw",2001,4,5955
"npor","9acn",2001,4,7209
"swpor","9acs",2001,4,60006
"sgal","9an",2001,4,3279
"spor","9asa",2001,4,27827
"cad","9asc",2001,4,4946
"bisc","8ab",2002,4,15769.51517528
"can","8ce",2002,4,17807
"ngal","8cw",2002,4,13446
"npor","9acn",2002,4,13075
"swpor","9acs",2002,4,44189
"sgal","9an",2002,4,2101
"spor","9asa",2002,4,15136
"cad","9asc",2002,4,6415
"bisc","8ab",2003,4,16544.50316246
"can","8ce",2003,4,15601
"ngal","8cw",2003,4,10862
"npor","9acn",2003,4,20930
"swpor","9acs",2003,4,35542
"sgal","9an",2003,4,10262
"spor","9asa",2003,4,17325
"cad","9asc",2003,4,3437
"bisc","8ab",2004,4,15109.6071394
"can","8ce",2004,4,20233
"ngal","8cw",2004,4,46913
"npor","9acn",2004,4,134956.18
"swpor","9acs",2004,4,94414.72
"sgal","9an",2004,4,44753
"spor","9asa",2004,4,24884.3
"cad","9asc",2004,4,11695
"bisc","8ab",2005,4,22997.890743706
"can","8ce",2005,4,23303.491928
"ngal","8cw",2005,4,21905.82
"npor","9acn",2005,4,28276.552268
"swpor","9acs",2005,4,63012.63191
"sgal","9an",2005,4,21475.6
"spor","9asa",2005,4,31368.640949
"cad","9asc",2005,4,1670.43
"bisc","8ab",2006,4,21007.789121714
"can","8ce",2006,4,13479.94
"ngal","8cw",2006,4,10381.52
"npor","9acn",2006,4,9591.900815
"swpor","9acs",2006,4,44838.319225
"sgal","9an",2006,4,12278.09
"spor","9asa",2006,4,11284.995878
"cad","9asc",2006,4,6340.72
"bisc","8ab",2007,4,13094.71909851
"can","8ce",2007,4,7013.09
"ngal","8cw",2007,4,6266.04
"npor","9acn",2007,4,15083.931943
"swpor","9acs",2007,4,26018.0574
"sgal","9an",2007,4,14280.91
"spor","9asa",2007,4,9603.1624364
"cad","9asc",2007,4,2082.99
"bisc","8ab",2008,4,42044.0526758
"can","8ce",2008,4,22363.9
"ngal","8cw",2008,4,21261.31
"npor","9acn",2008,4,198375.1481
"swpor","9acs",2008,4,111205.52446
"sgal","9an",2008,4,37357.82
"spor","9asa",2008,4,13715.653364
"cad","9asc",2008,4,7331.17
"bisc","8ab",2009,4,21961.6355475
"can","8ce",2009,4,8949.72
"ngal","8cw",2009,4,16778.67
"npor","9acn",2009,4,99296.468069
"swpor","9acs",2009,4,87963.02871
"sgal","9an",2009,4,13824.26
"spor","9asa",2009,4,13992.07702
"cad","9asc",2009,4,11168.71
"bisc","8ab",2010,4,18499.8533023
"can","8ce",2010,4,12152.38
"ngal","8cw",2010,4,10009.61
"npor","9acn",2010,4,16153.546065
"swpor","9acs",2010,4,27308.935957
"sgal","9an",2010,4,6520.49
"spor","9asa",2010,4,8178.073773
"cad","9asc",2010,4,2508.44
"bisc","8ab",2011,4,56833.190774228
"can","8ce",2011,4,18669.22
"ngal","8cw",2011,4,4680.84
"npor","9acn",2011,4,10669.9796148
"swpor","9acs",2011,4,35169.041946
"sgal","9an",2011,4,2218.25
"spor","9asa",2011,4,14851.100767
"cad","9asc",2011,4,1717.8
"bisc","8ab",2012,4,114546.082615
"can","8ce",2012,4,44008.35
"ngal","8cw",2012,4,6635.07
"npor","9acn",2012,4,10771.69
"swpor","9acs",2012,4,19169.91
"sgal","9an",2012,4,2920.82
"spor","9asa",2012,4,9005.51
"cad","9asc",2012,4,1632.08
"bisc","8ab",2013,4,69869.550302357
"can","8ce",2013,4,3296.57
"ngal","8cw",2013,4,4279.27
"npor","9acn",2013,4,15416.17
"swpor","9acs",2013,4,14915.84
"sgal","9an",2013,4,3135.27
"spor","9asa",2013,4,3754.04
"cad","9asc",2013,4,3694.63
"bisc","8ab",2014,4,30727.0751831
"can","8ce",2014,4,1822.68
"ngal","8cw",2014,4,4349.63
"npor","9acn",2014,4,4443.2
"swpor","9acs",2014,4,14905.3
"sgal","9an",2014,4,1186.16
"spor","9asa",2014,4,4824.6
"cad","9asc",2014,4,3705.82
"can","8ce",1991,5,6560
"ngal","8cw",1991,5,8234
"npor","9acn",1991,5,24098
"swpor","9acs",1991,5,9832
"sgal","9an",1991,5,2951
"spor","9asa",1991,5,20051
"can","8ce",1992,5,28956
"ngal","8cw",1992,5,28796
"npor","9acn",1992,5,11895
"swpor","9acs",1992,5,16311
"sgal","9an",1992,5,11843
"spor","9asa",1992,5,10131
"can","8ce",1993,5,9539
"ngal","8cw",1993,5,17834
"npor","9acn",1993,5,27242
"swpor","9acs",1993,5,35219
"sgal","9an",1993,5,12763
"spor","9asa",1993,5,8284
"can","8ce",1994,5,12871
"ngal","8cw",1994,5,13829
"npor","9acn",1994,5,18239
"swpor","9acs",1994,5,33078
"sgal","9an",1994,5,6960
"spor","9asa",1994,5,21661
"can","8ce",1995,5,9015
"ngal","8cw",1995,5,9868
"npor","9acn",1995,5,16404
"swpor","9acs",1995,5,15958
"sgal","9an",1995,5,8252
"spor","9asa",1995,5,7710
"can","8ce",1996,5,18083
"ngal","8cw",1996,5,28324
"npor","9acn",1996,5,41808
"swpor","9acs",1996,5,66009
"sgal","9an",1996,5,28614
"spor","9asa",1996,5,11024
"can","8ce",1997,5,29777
"ngal","8cw",1997,5,15501
"npor","9acn",1997,5,52737
"swpor","9acs",1997,5,46394
"sgal","9an",1997,5,19365
"spor","9asa",1997,5,51993.2
"can","8ce",1998,5,17017
"ngal","8cw",1998,5,6655
"npor","9acn",1998,5,12424.08
"swpor","9acs",1998,5,56368.94
"sgal","9an",1998,5,1825
"spor","9asa",1998,5,79996.26
"cad","9asc",1998,5,4447
"can","8ce",1999,5,7306
"ngal","8cw",1999,5,4808
"npor","9acn",1999,5,4760
"swpor","9acs",1999,5,20026
"sgal","9an",1999,5,461
"spor","9asa",1999,5,64050
"cad","9asc",1999,5,4107
"can","8ce",2000,5,11003
"ngal","8cw",2000,5,6593
"npor","9acn",2000,5,3003
"swpor","9acs",2000,5,25185
"sgal","9an",2000,5,304
"spor","9asa",2000,5,45837
"cad","9asc",2000,5,5766
"can","8ce",2001,5,10846
"ngal","8cw",2001,5,2471
"npor","9acn",2001,5,1558
"swpor","9acs",2001,5,37626
"sgal","9an",2001,5,864
"spor","9asa",2001,5,20865
"cad","9asc",2001,5,911
"bisc","8ab",2002,5,11126.851418059
"can","8ce",2002,5,13991
"ngal","8cw",2002,5,2916
"npor","9acn",2002,5,3199
"swpor","9acs",2002,5,25109
"sgal","9an",2002,5,352
"spor","9asa",2002,5,7557
"cad","9asc",2002,5,2528
"bisc","8ab",2003,5,9645.771037807
"can","8ce",2003,5,11201
"ngal","8cw",2003,5,5029
"npor","9acn",2003,5,4833
"swpor","9acs",2003,5,20098
"sgal","9an",2003,5,3799
"spor","9asa",2003,5,14240
"cad","9asc",2003,5,2036
"bisc","8ab",2004,5,9387.92608125
"can","8ce",2004,5,16328
"ngal","8cw",2004,5,13497
"npor","9acn",2004,5,7182.42
"swpor","9acs",2004,5,21572.53
"sgal","9an",2004,5,10336
"spor","9asa",2004,5,6700.36
"cad","9asc",2004,5,2780
"bisc","8ab",2005,5,17983.147668994
"can","8ce",2005,5,16433.136895
"ngal","8cw",2005,5,14712.47
"npor","9acn",2005,5,23974.638277
"swpor","9acs",2005,5,42326.854998
"sgal","9an",2005,5,9729.9
"spor","9asa",2005,5,8589.8012254
"cad","9asc",2005,5,860.72
"bisc","8ab",2006,5,15203.650487195
"can","8ce",2006,5,18960.04
"ngal","8cw",2006,5,12571.38
"npor","9acn",2006,5,10374.8523
"swpor","9acs",2006,5,49670.815943
"sgal","9an",2006,5,12178.62
"spor","9asa",2006,5,13903.50924
"cad","9asc",2006,5,3320.33
"bisc","8ab",2007,5,14185.51286937
"can","8ce",2007,5,7146.22
"ngal","8cw",2007,5,6919.07
"npor","9acn",2007,5,15739.923527
"swpor","9acs",2007,5,32532.819767
"sgal","9an",2007,5,11678.29
"spor","9asa",2007,5,6425.0715
"cad","9asc",2007,5,2271.74
"bisc","8ab",2008,5,13223.2363554
"can","8ce",2008,5,11802.91
"ngal","8cw",2008,5,3607.28
"npor","9acn",2008,5,11350.631242
"swpor","9acs",2008,5,26779.781616
"sgal","9an",2008,5,3652.05
"spor","9asa",2008,5,7468.8420663
"cad","9asc",2008,5,735.46
"bisc","8ab",2009,5,20766.16056271
"can","8ce",2009,5,7956.93
"ngal","8cw",2009,5,15775.28
"npor","9acn",2009,5,88060.59236
"swpor","9acs",2009,5,51392.646044
"sgal","9an",2009,5,19838.14
"spor","9asa",2009,5,10600.389797
"cad","9asc",2009,5,3561.37
"bisc","8ab",2010,5,14663.5305057
"can","8ce",2010,5,9183.89
"ngal","8cw",2010,5,17739.37
"npor","9acn",2010,5,35263.817075
"swpor","9acs",2010,5,47672.358581
"sgal","9an",2010,5,7962.08
"spor","9asa",2010,5,10063.631973
"cad","9asc",2010,5,1548.58
"bisc","8ab",2011,5,8561.817457812
"can","8ce",2011,5,3819.6
"ngal","8cw",2011,5,2409.27
"npor","9acn",2011,5,4652.0789683
"swpor","9acs",2011,5,15243.393982
"sgal","9an",2011,5,2209.21
"spor","9asa",2011,5,12243.450523
"cad","9asc",2011,5,371.59
"bisc","8ab",2012,5,33117.9969655
"can","8ce",2012,5,24787.79
"ngal","8cw",2012,5,2639.47
"npor","9acn",2012,5,3203.22
"swpor","9acs",2012,5,9523.63
"sgal","9an",2012,5,1632.8
"spor","9asa",2012,5,6524.09
"cad","9asc",2012,5,388.78
"bisc","8ab",2013,5,44753.764744944
"can","8ce",2013,5,3867.82
"ngal","8cw",2013,5,3278.4
"npor","9acn",2013,5,3689.64
"swpor","9acs",2013,5,9181.52
"sgal","9an",2013,5,1353.24
"spor","9asa",2013,5,3421.93
"cad","9asc",2013,5,1797.94
"bisc","8ab",2014,5,27471.6526447
"can","8ce",2014,5,1482.66
"ngal","8cw",2014,5,2918.35
"npor","9acn",2014,5,2859.34
"swpor","9acs",2014,5,7418.86
"sgal","9an",2014,5,1065.68
"spor","9asa",2014,5,2709.41
"cad","9asc",2014,5,1008.05
"can","8ce",1991,6,6057
"ngal","8cw",1991,6,5030
"npor","9acn",1991,6,11885
"swpor","9acs",1991,6,1439
"sgal","9an",1991,6,1427
"spor","9asa",1991,6,561
"can","8ce",1992,6,6294
"ngal","8cw",1992,6,6784
"npor","9acn",1992,6,617
"swpor","9acs",1992,6,1711
"sgal","9an",1992,6,2118
"spor","9asa",1992,6,1606
"can","8ce",1993,6,15984
"ngal","8cw",1993,6,22616
"npor","9acn",1993,6,4093
"swpor","9acs",1993,6,6827
"sgal","9an",1993,6,12822
"spor","9asa",1993,6,3966
"can","8ce",1994,6,7989
"ngal","8cw",1994,6,7926
"npor","9acn",1994,6,7056
"swpor","9acs",1994,6,5460
"sgal","9an",1994,6,3987
"spor","9asa",1994,6,2829
"can","8ce",1995,6,8643
"ngal","8cw",1995,6,6055
"npor","9acn",1995,6,7916
"swpor","9acs",1995,6,1349
"sgal","9an",1995,6,4790
"spor","9asa",1995,6,198
"can","8ce",1996,6,2438
"ngal","8cw",1996,6,2787
"npor","9acn",1996,6,12332
"swpor","9acs",1996,6,7425
"sgal","9an",1996,6,2202
"spor","9asa",1996,6,705
"can","8ce",1997,6,14286
"ngal","8cw",1997,6,6726
"npor","9acn",1997,6,8729
"swpor","9acs",1997,6,6299
"sgal","9an",1997,6,6357
"spor","9asa",1997,6,12518.5
"can","8ce",1998,6,11392
"ngal","8cw",1998,6,4074
"npor","9acn",1998,6,3168.72
"swpor","9acs",1998,6,39305.69
"sgal","9an",1998,6,1207
"spor","9asa",1998,6,27225.92
"cad","9asc",1998,6,927
"can","8ce",1999,6,4517
"ngal","8cw",1999,6,2879
"npor","9acn",1999,6,3825
"swpor","9acs",1999,6,12755
"sgal","9an",1999,6,123
"spor","9asa",1999,6,31009
"cad","9asc",1999,6,1707
"can","8ce",2000,6,3924
"ngal","8cw",2000,6,2516
"npor","9acn",2000,6,709
"swpor","9acs",2000,6,12692
"sgal","9an",2000,6,638
"spor","9asa",2000,6,23963
"cad","9asc",2000,6,2478
"can","8ce",2001,6,4623
"ngal","8cw",2001,6,670
"npor","9acn",2001,6,676
"swpor","9acs",2001,6,10596
"sgal","9an",2001,6,183
"spor","9asa",2001,6,13748
"cad","9asc",2001,6,352
"bisc","8ab",2002,6,7444.363684877
"can","8ce",2002,6,7075
"ngal","8cw",2002,6,1115
"npor","9acn",2002,6,580
"swpor","9acs",2002,6,11604
"sgal","9an",2002,6,105
"spor","9asa",2002,6,6680
"cad","9asc",2002,6,515
"bisc","8ab",2003,6,6206.693750846
"can","8ce",2003,6,7069
"ngal","8cw",2003,6,1939
"npor","9acn",2003,6,756
"swpor","9acs",2003,6,10498
"sgal","9an",2003,6,2013
"spor","9asa",2003,6,7851
"cad","9asc",2003,6,589
"bisc","8ab",2004,6,2795.9784195
"can","8ce",2004,6,8516
"ngal","8cw",2004,6,3727
"npor","9acn",2004,6,2123.8
"swpor","9acs",2004,6,8685.51
"sgal","9an",2004,6,4554
"spor","9asa",2004,6,5665.83
"cad","9asc",2004,6,1565
"bisc","8ab",2005,6,9190.096120995
"can","8ce",2005,6,8907.80708
"ngal","8cw",2005,6,2966.72
"npor","9acn",2005,6,1327.41228363
"swpor","9acs",2005,6,8311.7991395
"sgal","9an",2005,6,1128.95
"spor","9asa",2005,6,4352.3463541
"cad","9asc",2005,6,860.72
"bisc","8ab",2006,6,9519.411098873
"can","8ce",2006,6,9852.1
"ngal","8cw",2006,6,4823.52
"npor","9acn",2006,6,6696.0368816
"swpor","9acs",2006,6,26405.235823
"sgal","9an",2006,6,4493.87
"spor","9asa",2006,6,3648.7365761
"cad","9asc",2006,6,2740.22
"bisc","8ab",2007,6,12177.57041496
"can","8ce",2007,6,7487.39
"ngal","8cw",2007,6,5413.51
"npor","9acn",2007,6,17695.800653
"swpor","9acs",2007,6,31754.319637
"sgal","9an",2007,6,8246.21
"spor","9asa",2007,6,5180.7383375
"cad","9asc",2007,6,349.6
"bisc","8ab",2008,6,11589.9907721
"can","8ce",2008,6,7604.72
"ngal","8cw",2008,6,3062.69
"npor","9acn",2008,6,8941.6477
"swpor","9acs",2008,6,26495.707078
"sgal","9an",2008,6,5133.59
"spor","9asa",2008,6,5273.9437835
"cad","9asc",2008,6,0
"bisc","8ab",2009,6,10678.410412487
"can","8ce",2009,6,3847.6
"ngal","8cw",2009,6,2003.77
"npor","9acn",2009,6,6742.34129
"swpor","9acs",2009,6,15427.092421
"sgal","9an",2009,6,2777.68
"spor","9asa",2009,6,4254.4539273
"cad","9asc",2009,6,554.1
"bisc","8ab",2010,6,22636.71909993
"can","8ce",2010,6,5761.54
"ngal","8cw",2010,6,14387.98
"npor","9acn",2010,6,36227.865967
"swpor","9acs",2010,6,64390.266822
"sgal","9an",2010,6,5274.76
"spor","9asa",2010,6,6726.835632
"cad","9asc",2010,6,129.31
"bisc","8ab",2011,6,15571.480908571
"can","8ce",2011,6,2049.46
"ngal","8cw",2011,6,3116.03
"npor","9acn",2011,6,15520.257016
"swpor","9acs",2011,6,19524.689625
"sgal","9an",2011,6,2040.08
"spor","9asa",2011,6,11266.8894715
"cad","9asc",2011,6,39.82
"bisc","8ab",2012,6,13160.4542702
"can","8ce",2012,6,3152.37
"ngal","8cw",2012,6,1767.98
"npor","9acn",2012,6,4120.82
"swpor","9acs",2012,6,6316.49
"sgal","9an",2012,6,1726.19
"spor","9asa",2012,6,5554.21
"cad","9asc",2012,6,285.02
"bisc","8ab",2013,6,13705.878673963
"can","8ce",2013,6,2875.86
"ngal","8cw",2013,6,2287.69
"npor","9acn",2013,6,953.02
"swpor","9acs",2013,6,5167.97
"sgal","9an",2013,6,814.3
"spor","9asa",2013,6,1888.99
"cad","9asc",2013,6,1100.49
"bisc","8ab",2014,6,15018.58691933
"can","8ce",2014,6,402.88
"ngal","8cw",2014,6,3126.05
"npor","9acn",2014,6,881.07
"swpor","9acs",2014,6,3935.41
"sgal","9an",2014,6,114.16
"spor","9asa",2014,6,2683.69
"cad","9asc",2014,6,0
"can","8ce",1991,7,5497
"ngal","8cw",1991,7,5293
"npor","9acn",1991,7,1048
"swpor","9acs",1991,7,255
"sgal","9an",1991,7,1180
"spor","9asa",1991,7,72
"can","8ce",1992,7,7021
"ngal","8cw",1992,7,5574
"npor","9acn",1992,7,495
"sgal","9an",1992,7,2393
"can","8ce",1993,7,2843
"ngal","8cw",1993,7,3950
"npor","9acn",1993,7,518
"swpor","9acs",1993,7,1662
"sgal","9an",1993,7,2008
"spor","9asa",1993,7,974
"can","8ce",1994,7,10131
"ngal","8cw",1994,7,8980
"npor","9acn",1994,7,735
"swpor","9acs",1994,7,1110
"sgal","9an",1994,7,3995
"spor","9asa",1994,7,124
"can","8ce",1995,7,5809
"ngal","8cw",1995,7,5036
"npor","9acn",1995,7,6161
"swpor","9acs",1995,7,45
"sgal","9an",1995,7,3171
"spor","9asa",1995,7,36
"can","8ce",1996,7,2148
"ngal","8cw",1996,7,2946
"npor","9acn",1996,7,3029
"swpor","9acs",1996,7,817
"sgal","9an",1996,7,1957
"can","8ce",1997,7,2517
"ngal","8cw",1997,7,1261
"npor","9acn",1997,7,3602
"swpor","9acs",1997,7,65
"sgal","9an",1997,7,910
"spor","9asa",1997,7,131.3
"can","8ce",1998,7,5677
"ngal","8cw",1998,7,1731
"npor","9acn",1998,7,117.17
"swpor","9acs",1998,7,4127.99
"sgal","9an",1998,7,373
"spor","9asa",1998,7,3540.67
"cad","9asc",1998,7,128
"can","8ce",1999,7,2609
"ngal","8cw",1999,7,1265
"npor","9acn",1999,7,159.72
"swpor","9acs",1999,7,1983
"sgal","9an",1999,7,180
"spor","9asa",1999,7,7002
"cad","9asc",1999,7,191
"can","8ce",2000,7,1709
"ngal","8cw",2000,7,1088
"npor","9acn",2000,7,79
"swpor","9acs",2000,7,3070
"spor","9asa",2000,7,6407
"cad","9asc",2000,7,571
"can","8ce",2001,7,2248
"ngal","8cw",2001,7,161
"npor","9acn",2001,7,4
"swpor","9acs",2001,7,2330
"spor","9asa",2001,7,7894
"cad","9asc",2001,7,156
"bisc","8ab",2002,7,2156.667199727
"can","8ce",2002,7,2678
"ngal","8cw",2002,7,586
"npor","9acn",2002,7,99
"swpor","9acs",2002,7,3124
"sgal","9an",2002,7,101
"spor","9asa",2002,7,1961
"cad","9asc",2002,7,387
"bisc","8ab",2003,7,3333.872416524
"can","8ce",2003,7,3448
"ngal","8cw",2003,7,873
"npor","9acn",2003,7,172
"swpor","9acs",2003,7,3527
"sgal","9an",2003,7,584
"spor","9asa",2003,7,4560
"cad","9asc",2003,7,283
"bisc","8ab",2004,7,1328.195454788
"can","8ce",2004,7,4732
"ngal","8cw",2004,7,1934
"npor","9acn",2004,7,501.57
"swpor","9acs",2004,7,4096.63
"sgal","9an",2004,7,1771
"spor","9asa",2004,7,1198.19
"bisc","8ab",2005,7,5114.801917761
"can","8ce",2005,7,3838.2742796
"ngal","8cw",2005,7,628.79
"npor","9acn",2005,7,276.4709555
"swpor","9acs",2005,7,3979.2023667
"sgal","9an",2005,7,94.91
"spor","9asa",2005,7,2328.7923267
"cad","9asc",2005,7,860.72
"bisc","8ab",2006,7,6946.061472285
"can","8ce",2006,7,5633.82
"ngal","8cw",2006,7,1205.36
"npor","9acn",2006,7,793.8445766
"swpor","9acs",2006,7,4224.5120745
"sgal","9an",2006,7,33.68
"spor","9asa",2006,7,1239.242755
"cad","9asc",2006,7,1140.42
"bisc","8ab",2007,7,7468.42252314
"can","8ce",2007,7,4026.46
"ngal","8cw",2007,7,1537.06
"npor","9acn",2007,7,10665.972775
"swpor","9acs",2007,7,15898.345392
"sgal","9an",2007,7,1605.96
"spor","9asa",2007,7,1020.95185582
"cad","9asc",2007,7,157.42
"bisc","8ab",2008,7,10817.62970226
"can","8ce",2008,7,3615.75
"ngal","8cw",2008,7,1254.34
"npor","9acn",2008,7,10733.0468273
"swpor","9acs",2008,7,15448.444703
"sgal","9an",2008,7,2658.47
"spor","9asa",2008,7,3203.9197107
"cad","9asc",2008,7,0
"bisc","8ab",2009,7,7951.51472151
"can","8ce",2009,7,3139.05
"ngal","8cw",2009,7,1622.26
"npor","9acn",2009,7,4673.4975746
"swpor","9acs",2009,7,11062.046092
"sgal","9an",2009,7,2347.22
"spor","9asa",2009,7,2534.4223287
"cad","9asc",2009,7,0
"bisc","8ab",2010,7,7365.10712703
"can","8ce",2010,7,1456.26
"ngal","8cw",2010,7,1498.21
"npor","9acn",2010,7,1758.7404746
"swpor","9acs",2010,7,10913.411872
"sgal","9an",2010,7,829.48
"spor","9asa",2010,7,2411.2664566
"cad","9asc",2010,7,129.31
"bisc","8ab",2011,7,5399.734960993
"can","8ce",2011,7,1013.94
"ngal","8cw",2011,7,1425.06
"npor","9acn",2011,7,18281.0946233
"swpor","9acs",2011,7,11935.8587988
"sgal","9an",2011,7,843.56
"spor","9asa",2011,7,8907.7920589
"cad","9asc",2011,7,0
"bisc","8ab",2012,7,4986.00488801
"can","8ce",2012,7,2133.05
"ngal","8cw",2012,7,1492.82
"npor","9acn",2012,7,1953.86
"swpor","9acs",2012,7,7556.63
"sgal","9an",2012,7,1718.84
"spor","9asa",2012,7,1538.7
"cad","9asc",2012,7,65.64
"bisc","8ab",2013,7,3312.421658131
"can","8ce",2013,7,772.7
"ngal","8cw",2013,7,711.74
"npor","9acn",2013,7,1218.95
"swpor","9acs",2013,7,1784.34
"sgal","9an",2013,7,485.72
"spor","9asa",2013,7,1389.41
"cad","9asc",2013,7,0
"bisc","8ab",2014,7,3479.145601629
"can","8ce",2014,7,105.6
"ngal","8cw",2014,7,1024.04
"npor","9acn",2014,7,251.77
"swpor","9acs",2014,7,2623.68
"sgal","9an",2014,7,0
"spor","9asa",2014,7,1641.66
"cad","9asc",2014,7,0
"can","8ce",1991,8,25008
"ngal","8cw",1991,8,20020
"sgal","9an",1991,8,5366
"can","8ce",1992,8,4390
"ngal","8cw",1992,8,2257
"sgal","9an",1992,8,743
"can","8ce",1993,8,3969
"ngal","8cw",1993,8,4122
"swpor","9acs",1993,8,40
"sgal","9an",1993,8,2594
"can","8ce",1994,8,1533
"ngal","8cw",1994,8,1149
"npor","9acn",1994,8,366
"sgal","9an",1994,8,496
"can","8ce",1995,8,5697
"ngal","8cw",1995,8,3287
"npor","9acn",1995,8,914
"sgal","9an",1995,8,1613
"can","8ce",1996,8,1492
"ngal","8cw",1996,8,1543
"sgal","9an",1996,8,753
"can","8ce",1997,8,1724
"ngal","8cw",1997,8,912
"sgal","9an",1997,8,608
"can","8ce",1998,8,758
"ngal","8cw",1998,8,161
"npor","9acn",1998,8,14.09
"swpor","9acs",1998,8,970.16
"sgal","9an",1998,8,40
"spor","9asa",1998,8,176.58
"cad","9asc",1998,8,5
"can","8ce",1999,8,145
"npor","9acn",1999,8,19
"swpor","9acs",1999,8,326
"sgal","9an",1999,8,23
"spor","9asa",1999,8,972
"cad","9asc",1999,8,5
"can","8ce",2000,8,504
"ngal","8cw",2000,8,164
"swpor","9acs",2000,8,2069
"sgal","9an",2000,8,33
"spor","9asa",2000,8,1545
"cad","9asc",2000,8,209
"can","8ce",2001,8,263
"npor","9acn",2001,8,13
"swpor","9acs",2001,8,845
"spor","9asa",2001,8,2868
"bisc","8ab",2002,8,1170.00145429
"npor","9acn",2002,8,29
"swpor","9acs",2002,8,1643
"spor","9asa",2002,8,493
"bisc","8ab",2003,8,1646.631565142
"can","8ce",2003,8,1033
"ngal","8cw",2003,8,290
"npor","9acn",2003,8,153
"swpor","9acs",2003,8,1617
"spor","9asa",2003,8,2017
"bisc","8ab",2004,8,632.330963149
"can","8ce",2004,8,890
"ngal","8cw",2004,8,1386
"npor","9acn",2004,8,83.71
"swpor","9acs",2004,8,1778.33
"spor","9asa",2004,8,865.33
"bisc","8ab",2005,8,3167.252918233
"can","8ce",2005,8,1325.0589385
"ngal","8cw",2005,8,244.57
"npor","9acn",2005,8,69.15186688
"swpor","9acs",2005,8,921.8151499
"sgal","9an",2005,8,14.93
"spor","9asa",2005,8,1211.71813621
"bisc","8ab",2006,8,3558.308719312
"can","8ce",2006,8,2850.63
"ngal","8cw",2006,8,207.01
"npor","9acn",2006,8,52.31113282
"swpor","9acs",2006,8,1908.1678615
"sgal","9an",2006,8,33.68
"spor","9asa",2006,8,247.97412011
"cad","9asc",2006,8,0
"bisc","8ab",2007,8,3582.44731975
"can","8ce",2007,8,535.44
"ngal","8cw",2007,8,459.47
"npor","9acn",2007,8,199.07331619
"swpor","9acs",2007,8,3517.9311941
"sgal","9an",2007,8,924.94
"spor","9asa",2007,8,601.55241267
"cad","9asc",2007,8,0
"bisc","8ab",2008,8,5354.7003323
"can","8ce",2008,8,1373.02
"ngal","8cw",2008,8,667.83
"npor","9acn",2008,8,3942.469028
"swpor","9acs",2008,8,4479.929175
"sgal","9an",2008,8,1620.14
"spor","9asa",2008,8,787.4179812
"cad","9asc",2008,8,0
"bisc","8ab",2009,8,4726.014525432
"can","8ce",2009,8,2312.29
"ngal","8cw",2009,8,755.79
"npor","9acn",2009,8,2786.4400642
"swpor","9acs",2009,8,7674.3957938
"sgal","9an",2009,8,1616.28
"spor","9asa",2009,8,1794.4794641
"cad","9asc",2009,8,0
"bisc","8ab",2010,8,8427.17164917
"can","8ce",2010,8,1157.81
"ngal","8cw",2010,8,1181.51
"npor","9acn",2010,8,2584.0405806
"swpor","9acs",2010,8,9449.111711
"sgal","9an",2010,8,722.95
"spor","9asa",2010,8,1456.0165383
"cad","9asc",2010,8,177.65
"bisc","8ab",2011,8,5518.400603136
"can","8ce",2011,8,782.73
"ngal","8cw",2011,8,321.77
"npor","9acn",2011,8,466.3495581
"swpor","9acs",2011,8,3545.2579441
"sgal","9an",2011,8,208.05
"spor","9asa",2011,8,3363.7085186
"cad","9asc",2011,8,0
"bisc","8ab",2012,8,1525.86067381
"can","8ce",2012,8,1637.87
"ngal","8cw",2012,8,849.33
"npor","9acn",2012,8,2949.44
"swpor","9acs",2012,8,4478.62
"sgal","9an",2012,8,553.42
"spor","9asa",2012,8,1056.67
"cad","9asc",2012,8,0
"bisc","8ab",2013,8,2807.863814551
"can","8ce",2013,8,658.55
"ngal","8cw",2013,8,379.56
"npor","9acn",2013,8,475.31
"swpor","9acs",2013,8,1296.3
"sgal","9an",2013,8,438.76
"spor","9asa",2013,8,434.63
"cad","9asc",2013,8,0
"bisc","8ab",2014,8,504.191899678
"can","8ce",2014,8,52.96
"ngal","8cw",2014,8,498.59
"npor","9acn",2014,8,148.86
"swpor","9acs",2014,8,1240.54
"sgal","9an",2014,8,0
"spor","9asa",2014,8,613.88
"cad","9asc",2014,8,0
"can","8ce",1991,9,2589
"ngal","8cw",1991,9,2500
"sgal","9an",1991,9,566
"can","8ce",1992,9,19926
"ngal","8cw",1992,9,8467
"sgal","9an",1992,9,2940
"can","8ce",1993,9,2510
"ngal","8cw",1993,9,1630
"sgal","9an",1993,9,415
"can","8ce",1994,9,2734
"ngal","8cw",1994,9,1248
"sgal","9an",1994,9,337
"can","8ce",1995,9,574
"ngal","8cw",1995,9,224
"sgal","9an",1995,9,104
"can","8ce",1996,9,1252
"ngal","8cw",1996,9,959
"sgal","9an",1996,9,618
"can","8ce",1997,9,658
"ngal","8cw",1997,9,365
"sgal","9an",1997,9,192
"can","8ce",1998,9,591
"ngal","8cw",1998,9,153
"npor","9acn",1998,9,2.7
"sgal","9an",1998,9,33
"can","8ce",1999,9,199
"ngal","8cw",1999,9,113
"spor","9asa",1999,9,196
"can","8ce",2001,9,209
"npor","9acn",2001,9,2
"spor","9asa",2001,9,1511
"bisc","8ab",2002,9,750.426710909
"can","8ce",2002,9,333
"npor","9acn",2002,9,53
"swpor","9acs",2002,9,590
"spor","9asa",2002,9,63
"bisc","8ab",2003,9,736.523005447
"can","8ce",2003,9,305
"ngal","8cw",2003,9,93
"swpor","9acs",2003,9,432
"spor","9asa",2003,9,635
"bisc","8ab",2004,9,275.203048685
"can","8ce",2004,9,120
"npor","9acn",2004,9,17.32
"swpor","9acs",2004,9,710.92
"spor","9asa",2004,9,236.09
"bisc","8ab",2005,9,1569.61263245
"can","8ce",2005,9,528.0145836
"npor","9acn",2005,9,74.65016311
"swpor","9acs",2005,9,1195.6865171
"spor","9asa",2005,9,435.05978444
"bisc","8ab",2006,9,1690.671963583
"can","8ce",2006,9,1301.75
"ngal","8cw",2006,9,0
"npor","9acn",2006,9,0
"swpor","9acs",2006,9,992.6373884
"sgal","9an",2006,9,0
"spor","9asa",2006,9,152.1312955
"cad","9asc",2006,9,0
"bisc","8ab",2007,9,2010.820222418
"can","8ce",2007,9,263.45
"ngal","8cw",2007,9,0
"npor","9acn",2007,9,0
"swpor","9acs",2007,9,1245.3118438
"sgal","9an",2007,9,0
"spor","9asa",2007,9,288.3137868
"cad","9asc",2007,9,0
"bisc","8ab",2008,9,3112.06227146
"can","8ce",2008,9,298.27
"ngal","8cw",2008,9,0
"npor","9acn",2008,9,0
"swpor","9acs",2008,9,1460.0903075
"sgal","9an",2008,9,0
"spor","9asa",2008,9,196.07444571
"cad","9asc",2008,9,0
"bisc","8ab",2009,9,591.5421488
"can","8ce",2009,9,917.71
"ngal","8cw",2009,9,221.25
"npor","9acn",2009,9,1160.1042799
"swpor","9acs",2009,9,1136.01347106
"sgal","9an",2009,9,163.87
"spor","9asa",2009,9,67.94805624
"cad","9asc",2009,9,0
"bisc","8ab",2010,9,2867.149400668
"can","8ce",2010,9,205.78
"ngal","8cw",2010,9,807.46
"npor","9acn",2010,9,834.1254983
"swpor","9acs",2010,9,6205.333539
"sgal","9an",2010,9,662.87
"spor","9asa",2010,9,1768.042276
"cad","9asc",2010,9,0
"bisc","8ab",2011,9,2146.797518406
"can","8ce",2011,9,74.82
"ngal","8cw",2011,9,131.01
"npor","9acn",2011,9,883.5270079
"swpor","9acs",2011,9,1510.4280353
"sgal","9an",2011,9,205.88
"spor","9asa",2011,9,1565.6070994
"cad","9asc",2011,9,0
"bisc","8ab",2012,9,1245.59561928
"can","8ce",2012,9,416.25
"ngal","8cw",2012,9,160.48
"npor","9acn",2012,9,310.57
"swpor","9acs",2012,9,95.15
"sgal","9an",2012,9,0
"spor","9asa",2012,9,167.05
"cad","9asc",2012,9,0
"bisc","8ab",2013,9,651
"can","8ce",2013,9,469.7
"ngal","8cw",2013,9,130.6
"npor","9acn",2013,9,772.01
"swpor","9acs",2013,9,539.25
"sgal","9an",2013,9,185.71
"spor","9asa",2013,9,38.71
"cad","9asc",2013,9,0
"bisc","8ab",2014,9,179
"can","8ce",2014,9,0
"ngal","8cw",2014,9,152.52
"npor","9acn",2014,9,78.16
"swpor","9acs",2014,9,1033.53
"sgal","9an",2014,9,0
"spor","9asa",2014,9,273.41
"cad","9asc",2014,9,0
"can","8ce",1991,10,4068
"ngal","8cw",1991,10,3107
"sgal","9an",1991,10,661
"can","8ce",1992,10,1462
"ngal","8cw",1992,10,785
"sgal","9an",1992,10,258
"can","8ce",1993,10,9504
"ngal","8cw",1993,10,7101
"sgal","9an",1993,10,1384
"can","8ce",1994,10,771
"ngal","8cw",1994,10,325
"sgal","9an",1994,10,138
"can","8ce",1995,10,848
"ngal","8cw",1995,10,417
"sgal","9an",1995,10,199
"can","8ce",1996,10,326
"ngal","8cw",1996,10,316
"sgal","9an",1996,10,132
"npor","9acn",1998,10,2.37
"can","8ce",1999,10,245
"ngal","8cw",1999,10,113
"npor","9acn",1999,10,15
"can","8ce",2001,10,69
"ngal","8cw",2001,10,124
"bisc","8ab",2002,10,73.149325293
"ngal","8cw",2002,10,328
"swpor","9acs",2002,10,71
"sgal","9an",2002,10,6
"bisc","8ab",2003,10,0
"swpor","9acs",2003,10,267
"spor","9asa",2003,10,141
"bisc","8ab",2004,10,30.444435602
"npor","9acn",2004,10,4
"swpor","9acs",2004,10,147.83
"bisc","8ab",2005,10,168.703542784
"npor","9acn",2005,10,0
"swpor","9acs",2005,10,50.56165262
"spor","9asa",2005,10,153.40289644
"bisc","8ab",2006,10,546.800539613
"can","8ce",2006,10,42.7
"ngal","8cw",2006,10,0
"npor","9acn",2006,10,0
"swpor","9acs",2006,10,344.5652333
"sgal","9an",2006,10,0
"spor","9asa",2006,10,42.09726781
"cad","9asc",2006,10,0
"bisc","8ab",2007,10,667.199666347
"can","8ce",2007,10,74.2
"ngal","8cw",2007,10,0
"npor","9acn",2007,10,273.22414683
"swpor","9acs",2007,10,1137.4721254
"sgal","9an",2007,10,0
"spor","9asa",2007,10,35.58994766
"cad","9asc",2007,10,0
"bisc","8ab",2008,10,1391.8873599
"can","8ce",2008,10,0
"ngal","8cw",2008,10,0
"npor","9acn",2008,10,0
"swpor","9acs",2008,10,580.62807707
"sgal","9an",2008,10,0
"spor","9asa",2008,10,0
"cad","9asc",2008,10,0
"bisc","8ab",2009,10,459.6161945
"can","8ce",2009,10,117.7
"ngal","8cw",2009,10,0
"npor","9acn",2009,10,140.0052574
"swpor","9acs",2009,10,685.9513117
"sgal","9an",2009,10,0
"spor","9asa",2009,10,45.70278515
"cad","9asc",2009,10,0
"bisc","8ab",2010,10,1308.42815127
"can","8ce",2010,10,0
"ngal","8cw",2010,10,225.05
"npor","9acn",2010,10,631.5088991
"swpor","9acs",2010,10,2620.4145071
"sgal","9an",2010,10,0
"spor","9asa",2010,10,125.84963989
"cad","9asc",2010,10,0
"bisc","8ab",2011,10,935.57358925
"can","8ce",2011,10,0
"ngal","8cw",2011,10,38.84
"npor","9acn",2011,10,450.6832765
"swpor","9acs",2011,10,600.73372247
"sgal","9an",2011,10,30.22
"spor","9asa",2011,10,406.7869156
"cad","9asc",2011,10,0
"bisc","8ab",2012,10,0
"can","8ce",2012,10,0
"ngal","8cw",2012,10,110.61
"npor","9acn",2012,10,55.68
"swpor","9acs",2012,10,215.99
"sgal","9an",2012,10,0
"spor","9asa",2012,10,205.47
"cad","9asc",2012,10,0
"bisc","8ab",2013,10,202
"can","8ce",2013,10,0
"ngal","8cw",2013,10,157.25
"npor","9acn",2013,10,77.51
"swpor","9acs",2013,10,129.78
"sgal","9an",2013,10,0
"spor","9asa",2013,10,0
"cad","9asc",2013,10,0
"bisc","8ab",2014,10,0
"can","8ce",2014,10,0
"ngal","8cw",2014,10,0
"npor","9acn",2014,10,161.02
"swpor","9acs",2014,10,460.82
"sgal","9an",2014,10,0
"spor","9asa",2014,10,168.99
"cad","9asc",2014,10,0
"can","8ce",1991,11,554
"ngal","8cw",1991,11,352
"sgal","9an",1991,11,38
"can","8ce",1992,11,2653
"ngal","8cw",1992,11,665
"sgal","9an",1992,11,133
"can","8ce",1993,11,1691
"ngal","8cw",1993,11,1671
"sgal","9an",1993,11,284
"can","8ce",1994,11,1125
"ngal","8cw",1994,11,461
"sgal","9an",1994,11,85
"can","8ce",1995,11,899
"ngal","8cw",1995,11,315
"sgal","9an",1995,11,180
"can","8ce",1996,11,56
"ngal","8cw",1996,11,25
"sgal","9an",1996,11,10
"npor","9acn",1998,11,2.53
"bisc","8ab",2002,11,0
"bisc","8ab",2003,11,0
"bisc","8ab",2004,11,0
"bisc","8ab",2005,11,58.70821283
"bisc","8ab",2006,11,393.45130522
"bisc","8ab",2007,11,105.14519863
"can","8ce",2007,11,0
"ngal","8cw",2007,11,0
"sgal","9an",2007,11,0
"cad","9asc",2007,11,0
"bisc","8ab",2008,11,443.0154198
"can","8ce",2008,11,0
"ngal","8cw",2008,11,0
"sgal","9an",2008,11,0
"cad","9asc",2008,11,0
"bisc","8ab",2009,11,590.093356139
"can","8ce",2009,11,0
"ngal","8cw",2009,11,0
"npor","9acn",2009,11,1263.757013
"swpor","9acs",2009,11,41.27020526
"sgal","9an",2009,11,0
"spor","9asa",2009,11,0
"cad","9asc",2009,11,0
"bisc","8ab",2010,11,579.502802
"can","8ce",2010,11,0
"ngal","8cw",2010,11,0
"npor","9acn",2010,11,11.06452465
"swpor","9acs",2010,11,0
"sgal","9an",2010,11,0
"spor","9asa",2010,11,0
"cad","9asc",2010,11,0
"bisc","8ab",2011,11,0
"can","8ce",2011,11,0
"ngal","8cw",2011,11,0
"npor","9acn",2011,11,0
"swpor","9acs",2011,11,29.97164757
"sgal","9an",2011,11,0
"spor","9asa",2011,11,95.8237164
"cad","9asc",2011,11,0
"bisc","8ab",2012,11,0
"bisc","8ab",2013,11,0
"bisc","8ab",2014,11,0
"can","8ce",2014,11,0
"ngal","8cw",2014,11,0
"npor","9acn",2014,11,0
"swpor","9acs",2014,11,0
"sgal","9an",2014,11,0
"spor","9asa",2014,11,0
"cad","9asc",2014,11,0
"can","8ce",1991,12,329
"ngal","8cw",1991,12,244
"sgal","9an",1991,12,39
"can","8ce",1992,12,1049
"ngal","8cw",1992,12,220
"sgal","9an",1992,12,16
"can","8ce",1993,12,1863
"ngal","8cw",1993,12,1042
"sgal","9an",1993,12,299
"can","8ce",1996,12,105
"ngal","8cw",1996,12,37
"sgal","9an",1996,12,17
"bisc","8ab",2002,12,0
"bisc","8ab",2003,12,0
"bisc","8ab",2004,12,0
"bisc","8ab",2005,12,7.753841636
"bisc","8ab",2006,12,146.836371124
"bisc","8ab",2007,12,86.2605351
"can","8ce",2007,12,0
"ngal","8cw",2007,12,0
"npor","9acn",2007,12,0
"swpor","9acs",2007,12,225.6473115
"sgal","9an",2007,12,0
"spor","9asa",2007,12,0
"cad","9asc",2007,12,0
"bisc","8ab",2008,12,114.76950632
"can","8ce",2008,12,0
"ngal","8cw",2008,12,0
"sgal","9an",2008,12,0
"cad","9asc",2008,12,0
"bisc","8ab",2009,12,0
"bisc","8ab",2010,12,0
"bisc","8ab",2011,12,0
"can","8ce",2011,12,0
"ngal","8cw",2011,12,0
"npor","9acn",2011,12,0
"swpor","9acs",2011,12,28.64290444
"sgal","9an",2011,12,0
"spor","9asa",2011,12,166.695891
"cad","9asc",2011,12,0
"bisc","8ab",2012,12,0
"bisc","8ab",2013,12,0
"bisc","8ab",2014,12,0
"can","8ce",2014,12,0
"ngal","8cw",2014,12,0
"npor","9acn",2014,12,0
"swpor","9acs",2014,12,0
"sgal","9an",2014,12,0
"spor","9asa",2014,12,14.54
"cad","9asc",2014,12,0
"bisc","8ab",2002,13,0
"bisc","8ab",2003,13,0
"bisc","8ab",2004,13,0
"bisc","8ab",2005,13,0
"bisc","8ab",2006,13,29.15673247
"bisc","8ab",2007,13,0
"bisc","8ab",2008,13,0
"bisc","8ab",2009,13,0
"bisc","8ab",2010,13,0
"bisc","8ab",2011,13,0
"bisc","8ab",2012,13,0
"bisc","8ab",2013,13,0
"bisc","8ab",2014,13,0
"bisc","8ab",2002,14,0
"bisc","8ab",2003,14,0
"bisc","8ab",2004,14,0
"bisc","8ab",2005,14,0
"bisc","8ab",2006,14,0
"bisc","8ab",2007,14,37.20101656
"bisc","8ab",2008,14,0
"bisc","8ab",2009,14,0
"bisc","8ab",2010,14,0
"bisc","8ab",2011,14,0
"bisc","8ab",2012,14,0
"bisc","8ab",2013,14,0
"bisc","8ab",2014,14,0
"bisc","8ab",2002,15,0
"bisc","8ab",2003,15,0
"bisc","8ab",2004,15,0
"bisc","8ab",2005,15,0
"bisc","8ab",2006,15,0
"bisc","8ab",2007,15,0
"bisc","8ab",2008,15,0
"bisc","8ab",2009,15,0
"bisc","8ab",2010,15,0
"bisc","8ab",2011,15,0
"bisc","8ab",2012,15,0
"bisc","8ab",2013,15,0
"bisc","8ab",2014,15,0
