year;quarter;country;area;age;n;b
1996;1;portugal;npor;1;600011.9778;13472
1996;1;portugal;npor;2;399053.5794;12394
1996;1;portugal;npor;3;28589.94286;1181
1996;1;portugal;npor;4;9147.5;471
1996;1;portugal;swpor;1;646714;7423
1996;1;portugal;swpor;2;224381;8557
1996;1;portugal;swpor;3;399989;20104
1996;1;portugal;swpor;4;1185810;65601
1996;1;portugal;swpor;5;256687;15887
1996;1;portugal;swpor;6;4646;322
1996;1;portugal;spor;1;47921;1324
1996;1;portugal;spor;2;530280;22610
1996;1;portugal;spor;3;504982;24826
1996;1;portugal;spor;4;1018007;53969
1996;1;portugal;spor;5;47067;2952
1996;1;portugal;cad;1;330338;8960
1996;1;portugal;cad;2;928482;36705
1996;1;portugal;cad;3;1480967;66973
1996;1;portugal;cad;4;693043;36018
1996;1;portugal;cad;5;82722;5018
1996;1;portugal;cad;6;7318;505
1996;1;spain;ecan;1;863;
1996;1;spain;ecan;2;6627;
1996;1;spain;ecan;3;19368;
1996;1;spain;ecan;4;75341;
1996;1;spain;ecan;5;48177;
1996;1;spain;ecan;6;3301;
1996;1;spain;ecan;7;1689;
1996;1;spain;ecan;8;769;
1996;1;spain;wcan;1;4382;
1996;1;spain;wcan;2;17394;
1996;1;spain;wcan;3;40543;
1996;1;spain;wcan;4;167608;
1996;1;spain;wcan;5;119236;
1996;1;spain;wcan;6;9362;
1996;1;spain;wcan;7;3322;
1996;1;spain;wcan;8;1733;
1996;1;spain;ngal;1;57;
1996;1;spain;ngal;2;831;
1996;1;spain;ngal;3;1630;
1996;1;spain;ngal;4;7399;
1996;1;spain;ngal;5;4873;
1996;1;spain;ngal;6;330;
1996;1;spain;ngal;7;196;
1996;1;spain;ngal;8;64;
1996;1;spain;sgal;1;5337;
1996;1;spain;sgal;2;29397;
1996;1;spain;sgal;3;29006;
1996;1;spain;sgal;4;100476;
1996;1;spain;sgal;5;41555;
1996;1;spain;sgal;6;1749;
1996;1;spain;sgal;7;2018;
1996;1;spain;sgal;8;246;
1997;1;portugal;npor;1;3127264;67384
1997;1;portugal;npor;2;274277;11673
1997;1;portugal;npor;3;816283;40949
1997;1;portugal;npor;4;405372;23906
1997;1;portugal;npor;5;136509;9385
1997;1;portugal;swpor;1;1217173;32676
1997;1;portugal;swpor;2;1130561;34571
1997;1;portugal;swpor;3;268308;13162
1997;1;portugal;swpor;4;478376;28604
1997;1;portugal;swpor;5;543864;35643
1997;1;portugal;swpor;6;96469;7181
1997;1;portugal;spor;1;37415;828
1997;1;portugal;spor;2;478738;15817
1997;1;portugal;spor;3;258990;12066
1997;1;portugal;spor;4;349308;19327
1997;1;portugal;spor;5;673662;40591
1997;1;portugal;spor;6;106326;7263
1997;1;portugal;cad;1;1962293;52725
1997;1;portugal;cad;2;1354564;42833
1997;1;portugal;cad;3;208203;9501
1997;1;portugal;cad;4;27157;1528
1997;1;portugal;cad;5;6031;418
1997;1;spain;ecan;1;1087;
1997;1;spain;ecan;2;161151;
1997;1;spain;ecan;3;50548;
1997;1;spain;ecan;4;40594;
1997;1;spain;ecan;5;17048;
1997;1;spain;ecan;6;8771;
1997;1;spain;ecan;7;2428;
1997;1;spain;ecan;8;2220;
1997;1;spain;ecan;9;122;
1997;1;spain;wcan;1;18408;
1997;1;spain;wcan;2;84945;
1997;1;spain;wcan;3;45110;
1997;1;spain;wcan;4;44737;
1997;1;spain;wcan;5;24666;
1997;1;spain;wcan;6;13270;
1997;1;spain;wcan;7;3251;
1997;1;spain;wcan;8;2705;
1997;1;spain;wcan;9;235;
1997;1;spain;ngal;1;1000;
1997;1;spain;ngal;2;4000;
1997;1;spain;ngal;3;12000;
1997;1;spain;ngal;4;21000;
1997;1;spain;ngal;5;10000;
1997;1;spain;ngal;6;7000;
1997;1;spain;ngal;7;4000;
1997;1;spain;ngal;8;1000;
1997;1;spain;sgal;1;36000;
1997;1;spain;sgal;2;13000;
1997;1;spain;sgal;3;18000;
1997;1;spain;sgal;4;17000;
1997;1;spain;sgal;5;14000;
1997;1;spain;sgal;6;9000;
1997;1;spain;sgal;7;3000;
1997;1;spain;sgal;8;1000;
1997;1;spain;sgal;9;3000;
1998;1;portugal;npor;1;594707;13617
1998;1;portugal;npor;2;2459124;82385
1998;1;portugal;npor;3;635726;30624
1998;1;portugal;npor;4;409478;22709
1998;1;portugal;npor;5;313065;18575
1998;1;portugal;npor;6;306527;20229
1998;1;portugal;npor;7;31818;2528
1998;1;portugal;swpor;1;694503;15490
1998;1;portugal;swpor;2;769817;22626
1998;1;portugal;swpor;3;534219;24601
1998;1;portugal;swpor;4;413666;22502
1998;1;portugal;swpor;5;341247;21022
1998;1;portugal;swpor;6;342778;22240
1998;1;portugal;swpor;7;33295;2256
1998;1;portugal;spor;1;84111;2992
1998;1;portugal;spor;2;184859;7443
1998;1;portugal;spor;3;194248;9134
1998;1;portugal;spor;4;221166;11036
1998;1;portugal;spor;5;372059;20858
1998;1;portugal;spor;6;179074;10910
1998;1;portugal;spor;7;46444;2895
1998;1;portugal;cad;1;262870;8244
1998;1;portugal;cad;2;601182;22928
1998;1;portugal;cad;3;826689;36277
1998;1;portugal;cad;4;389662;19176
1998;1;portugal;cad;5;158636;7925
1998;1;portugal;cad;6;26416;1596
1998;1;portugal;cad;7;13641;705
1998;1;spain;ecan;1;18482;
1998;1;spain;ecan;2;11108;
1998;1;spain;ecan;3;29517;
1998;1;spain;ecan;4;12841;
1998;1;spain;ecan;5;11803;
1998;1;spain;ecan;6;2984;
1998;1;spain;ecan;7;2665;
1998;1;spain;ecan;8;790;
1998;1;spain;ecan;9;466;
1998;1;spain;ecan;12;133;
1998;1;spain;wcan;1;283675;
1998;1;spain;wcan;2;63063;
1998;1;spain;wcan;3;41968;
1998;1;spain;wcan;4;16337;
1998;1;spain;wcan;5;4294;
1998;1;spain;wcan;6;8323;
1998;1;spain;wcan;7;1905;
1998;1;spain;wcan;8;476;
1998;1;spain;wcan;9;604;
1998;1;spain;ngal;1;9807;
1998;1;spain;ngal;2;2180;
1998;1;spain;ngal;3;1451;
1998;1;spain;ngal;4;565;
1998;1;spain;ngal;5;148;
1998;1;spain;ngal;6;288;
1998;1;spain;ngal;7;66;
1998;1;spain;ngal;8;16;
1998;1;spain;ngal;9;21;
1998;1;spain;sgal;1;197873;
1998;1;spain;sgal;2;26776;
1998;1;spain;sgal;3;7459;
1998;1;spain;sgal;4;4019;
1998;1;spain;sgal;5;4345;
1998;1;spain;sgal;6;4053;
1998;1;spain;sgal;7;2620;
1999;1;portugal;npor;1;2320453;55202
1999;1;portugal;npor;2;844859;32233
1999;1;portugal;npor;3;814369;40437
1999;1;portugal;npor;4;117062;6879
1999;1;portugal;npor;5;150177;9219
1999;1;portugal;npor;6;157986;10566
1999;1;portugal;npor;7;42064;3021
1999;1;portugal;swpor;1;285254;2649
1999;1;portugal;swpor;2;79961;3134
1999;1;portugal;swpor;3;92320;4852
1999;1;portugal;swpor;4;161927;9981
1999;1;portugal;swpor;5;159684;10269
1999;1;portugal;swpor;6;46050;3192
1999;1;portugal;swpor;7;5446;487
1999;1;portugal;spor;1;257995;7320
1999;1;portugal;spor;2;205009;7754
1999;1;portugal;spor;3;103243;5253
1999;1;portugal;spor;4;125270;7376
1999;1;portugal;spor;5;73776;4770
1999;1;portugal;spor;6;70293;4626
1999;1;portugal;spor;7;26566;1901
1999;1;portugal;cad;1;2848041;70511
1999;1;portugal;cad;2;1422794;52923
1999;1;portugal;cad;3;450745;21555
1999;1;portugal;cad;4;440176;23473
1999;1;portugal;cad;5;212076;13869
1999;1;portugal;cad;6;95720;6796
1999;1;portugal;cad;7;25012;1976
1999;1;spain;ecan;1;106402;
1999;1;spain;ecan;2;26188;
1999;1;spain;ecan;3;28553;
1999;1;spain;ecan;4;36245;
1999;1;spain;ecan;5;12069;
1999;1;spain;ecan;6;11994;
1999;1;spain;ecan;7;10607;
1999;1;spain;ecan;9;526;
1999;1;spain;ecan;10;2339;
1999;1;spain;wcan;1;22836;
1999;1;spain;wcan;2;92300;
1999;1;spain;wcan;3;79639;
1999;1;spain;wcan;4;64085;
1999;1;spain;wcan;5;12815;
1999;1;spain;wcan;6;17983;
1999;1;spain;wcan;7;14719;
1999;1;spain;wcan;9;296;
1999;1;spain;wcan;10;1136;
1999;1;spain;ngal;1;52718;
1999;1;spain;ngal;2;22802;
1999;1;spain;ngal;3;18573;
1999;1;spain;ngal;4;10254;
1999;1;spain;ngal;5;3280;
1999;1;spain;ngal;6;584;
1999;1;spain;ngal;7;447;
1999;1;spain;sgal;1;32569;
1999;1;spain;sgal;2;19085;
1999;1;spain;sgal;3;7853;
1999;1;spain;sgal;4;13729;
1999;1;spain;sgal;5;193;
1999;1;spain;sgal;7;3382;
2000;1;portugal;npor;1;2802193;52427
2000;1;portugal;npor;2;302069;12754
2000;1;portugal;npor;3;312436;15442
2000;1;portugal;npor;4;159507;9625
2000;1;portugal;npor;5;54044;3510
2000;1;portugal;npor;6;37249;2646
2000;1;portugal;npor;7;17448;1299
2000;1;portugal;swpor;1;1611902;34833
2000;1;portugal;swpor;2;511258;20844
2000;1;portugal;swpor;3;285429;15365
2000;1;portugal;swpor;4;205721;12362
2000;1;portugal;swpor;5;73488;4831
2000;1;portugal;swpor;6;19565;1452
2000;1;portugal;swpor;7;7896;641
2000;1;portugal;spor;1;2407;79
2000;1;portugal;spor;2;129778;5489
2000;1;portugal;spor;3;157150;7749
2000;1;portugal;spor;4;153772;8322
2000;1;portugal;spor;5;169467;10473
2000;1;portugal;spor;6;214544;13677
2000;1;portugal;spor;7;184210;13484
2000;1;portugal;cad;1;2164952;17457
2000;1;portugal;cad;2;1226822;48713
2000;1;portugal;cad;3;466663;22171
2000;1;portugal;cad;4;237681;12309
2000;1;portugal;cad;5;234946;13180
2000;1;portugal;cad;6;55264;3523
2000;1;portugal;cad;7;77048;5105
2000;1;spain;ecan;1;63307;
2000;1;spain;ecan;2;147507;
2000;1;spain;ecan;3;106827;
2000;1;spain;ecan;4;51469;
2000;1;spain;ecan;5;30598;
2000;1;spain;ecan;6;6956;
2000;1;spain;ecan;7;3420;
2000;1;spain;ecan;8;1305;
2000;1;spain;wcan;1;5454;
2000;1;spain;wcan;2;102998;
2000;1;spain;wcan;3;158898;
2000;1;spain;wcan;4;93236;
2000;1;spain;wcan;5;89114;
2000;1;spain;wcan;6;14646;
2000;1;spain;wcan;7;2002;
2000;1;spain;wcan;8;4807;
2000;1;spain;wcan;9;667;
2000;1;spain;ngal;2;18316;
2000;1;spain;ngal;3;165628;
2000;1;spain;ngal;4;96701;
2000;1;spain;ngal;5;69061;
2000;1;spain;ngal;6;23928;
2000;1;spain;ngal;7;8853;
2000;1;spain;ngal;8;1328;
2000;1;spain;sgal;1;22894;
2000;1;spain;sgal;2;16987;
2000;1;spain;sgal;3;4086;
2000;1;spain;sgal;4;843;
2000;1;spain;sgal;5;106;
2000;1;spain;sgal;6;141;
2000;1;spain;sgal;7;71;
2001;1;portugal;npor;1;12219241.66;301274
2001;1;portugal;npor;2;439726.4364;19865
2001;1;portugal;npor;3;188681.0325;11554
2001;1;portugal;npor;4;135015.2026;8494
2001;1;portugal;npor;5;38439.06494;2626
2001;1;portugal;npor;6;2225.6;168
2001;1;portugal;swpor;1;2947207.307;34332
2001;1;portugal;swpor;2;87237.86264;2540
2001;1;portugal;swpor;3;21972.16227;1213
2001;1;portugal;swpor;4;14902.76987;851
2001;1;portugal;swpor;5;12380.33718;685
2001;1;portugal;swpor;6;6865.819231;423
2001;1;portugal;swpor;7;2378.741667;77
2001;1;portugal;spor;1;889449.2048;13226
2001;1;portugal;spor;2;95320.37619;3495
2001;1;portugal;spor;3;37219.64762;1768
2001;1;portugal;spor;4;21870.13626;1236
2001;1;portugal;spor;5;29438.5011;1741
2001;1;portugal;spor;6;22228.37253;1402
2001;1;portugal;spor;7;8003.707692;752
2001;1;portugal;cad;1;2584223.408;39780
2001;1;portugal;cad;2;184044.8254;7535
2001;1;portugal;cad;3;278857.073;12474
2001;1;portugal;cad;4;161498.219;8626
2001;1;portugal;cad;5;191766.7476;11064
2001;1;portugal;cad;6;101184.7714;6359
2001;1;portugal;cad;7;31918.45714;2443
2001;1;spain;ecan;2;1824;
2001;1;spain;ecan;3;13941;
2001;1;spain;ecan;4;29093;
2001;1;spain;ecan;5;44432;
2001;1;spain;ecan;6;21679;
2001;1;spain;ecan;7;13541;
2001;1;spain;ecan;8;8639;
2001;1;spain;ecan;9;4529;
2001;1;spain;ecan;10;888;
2001;1;spain;wcan;1;14513;
2001;1;spain;wcan;2;134412;
2001;1;spain;wcan;3;160181;
2001;1;spain;wcan;4;102296;
2001;1;spain;wcan;5;48648;
2001;1;spain;wcan;6;10386;
2001;1;spain;wcan;7;2289;
2001;1;spain;wcan;8;1607;
2001;1;spain;wcan;9;234;
2001;1;spain;wcan;10;81;
2001;1;spain;ngal;1;336264;
2001;1;spain;ngal;2;107096;
2001;1;spain;ngal;3;12417;
2001;1;spain;ngal;4;11540;
2001;1;spain;ngal;5;5865;
2001;1;spain;ngal;6;1421;
2001;1;spain;ngal;7;486;
2001;1;spain;ngal;8;223;
2001;1;spain;ngal;9;50;
2001;1;spain;ngal;10;8;
2001;1;spain;sgal;1;624825;
2001;1;spain;sgal;2;19551;
2002;1;portugal;npor;1;3978480;85469
2002;1;portugal;npor;2;3876760;140928
2002;1;portugal;npor;3;29624;1572
2002;1;portugal;npor;4;38436;2106
2002;1;portugal;npor;5;16191;1117
2002;1;portugal;npor;6;16406;1157
2002;1;portugal;npor;7;7319;521
2002;1;portugal;swpor;1;2948752;57107
2002;1;portugal;swpor;2;277049;11878
2002;1;portugal;swpor;3;51358;2815
2002;1;portugal;swpor;4;123695;7790
2002;1;portugal;swpor;5;91020;6281
2002;1;portugal;swpor;6;72890;5117
2002;1;portugal;swpor;7;66759;5197
2002;1;portugal;spor;1;1521316;45962
2002;1;portugal;spor;2;926625;36687
2002;1;portugal;spor;3;203682;9648
2002;1;portugal;spor;4;60729;3457
2002;1;portugal;spor;5;81425;4617
2002;1;portugal;spor;6;53546;3250
2002;1;portugal;spor;7;23598;1414
2002;1;portugal;cad;1;4321613;100875
2002;1;portugal;cad;2;1157438;42967
2002;1;portugal;cad;3;430845;19273
2002;1;portugal;cad;4;256459;12667
2002;1;portugal;cad;5;58320;3565
2002;1;portugal;cad;6;38223;2126
2002;1;spain;ecan;1;123001;
2002;1;spain;ecan;2;205641;
2002;1;spain;ecan;3;222636;
2002;1;spain;ecan;4;283854;
2002;1;spain;ecan;5;156390;
2002;1;spain;ecan;6;65122;
2002;1;spain;ecan;7;10058;
2002;1;spain;ecan;8;3856;
2002;1;spain;wcan;1;45079;
2002;1;spain;wcan;2;91515;
2002;1;spain;wcan;3;144974;
2002;1;spain;wcan;4;300324;
2002;1;spain;wcan;5;149070;
2002;1;spain;wcan;6;62304;
2002;1;spain;wcan;7;13863;
2002;1;spain;wcan;8;3722;
2002;1;spain;wcan;9;332;
2002;1;spain;ngal;1;6143;
2002;1;spain;ngal;2;29743;
2002;1;spain;ngal;3;22450;
2002;1;spain;ngal;4;33551;
2002;1;spain;ngal;5;13131;
2002;1;spain;ngal;6;2225;
2002;1;spain;ngal;7;1398;
2002;1;spain;ngal;8;290;
2002;1;spain;ngal;9;120;
2002;1;spain;sgal;1;96174;
2002;1;spain;sgal;2;433304;
2002;1;spain;sgal;3;58539;
2002;1;spain;sgal;4;33929;
2003;1;portugal;npor;1;1929640;39336
2003;1;portugal;npor;2;1118498;36609
2003;1;portugal;npor;3;1345707;55195
2003;1;portugal;npor;4;236989;10268
2003;1;portugal;npor;5;181925;9306
2003;1;portugal;npor;6;47992;2731
2003;1;portugal;npor;7;450;35
2003;1;portugal;swpor;1;3395537;50531
2003;1;portugal;swpor;2;1117686;48658
2003;1;portugal;swpor;3;621941;31516
2003;1;portugal;swpor;4;127141;7305
2003;1;portugal;swpor;5;59078;3850
2003;1;portugal;swpor;6;36830;2709
2003;1;portugal;swpor;7;11897;808
2003;1;portugal;spor;1;30071;914
2003;1;portugal;spor;2;659598;29064
2003;1;portugal;spor;3;279899;14154
2003;1;portugal;spor;4;73897;4674
2003;1;portugal;spor;5;77026;5140
2003;1;portugal;spor;6;61434;4278
2003;1;portugal;spor;7;19484;1535
2003;1;portugal;cad;1;486910;14912
2003;1;portugal;cad;2;914575;35330
2003;1;portugal;cad;3;278150;13179
2003;1;portugal;cad;4;111369;5992
2003;1;portugal;cad;5;43135;2556
2003;1;portugal;cad;6;22089;1434
2003;1;portugal;cad;7;1372;104
2003;1;spain;ecan;1;8543;
2003;1;spain;ecan;2;348461;
2003;1;spain;ecan;3;204048;
2003;1;spain;ecan;4;114011;
2003;1;spain;ecan;5;49802;
2003;1;spain;ecan;6;18998;
2003;1;spain;ecan;7;7260;
2003;1;spain;ecan;8;1322;
2003;1;spain;ecan;9;1194;
2003;1;spain;ecan;10;625;
2003;1;spain;wcan;1;21598;
2003;1;spain;wcan;2;257937;
2003;1;spain;wcan;3;313612;
2003;1;spain;wcan;4;236684;
2003;1;spain;wcan;5;137843;
2003;1;spain;wcan;6;54784;
2003;1;spain;wcan;7;26860;
2003;1;spain;wcan;8;4709;
2003;1;spain;wcan;9;3981;
2003;1;spain;wcan;10;2062;
2003;1;spain;ngal;1;5703;
2003;1;spain;ngal;2;89014;
2003;1;spain;ngal;3;283030;
2003;1;spain;ngal;4;70289;
2003;1;spain;ngal;5;15127;
2003;1;spain;ngal;6;10977;
2003;1;spain;ngal;7;1837;
2003;1;spain;sgal;1;6531;
2003;1;spain;sgal;2;78360;
2003;1;spain;sgal;3;240549;
2003;1;spain;sgal;4;38599;
2003;1;spain;sgal;5;6366;
2003;1;spain;sgal;6;1917;
2004;1;spain;ecan;1;6859;
2004;1;spain;ecan;2;28708;
2004;1;spain;ecan;3;87331;
2004;1;spain;ecan;4;52089;
2004;1;spain;ecan;5;30463;
2004;1;spain;ecan;6;23747;
2004;1;spain;ecan;7;9073;
2004;1;spain;ecan;8;3414;
2004;1;spain;ecan;9;989;
2004;1;spain;ecan;10;989;
2004;1;spain;wcan;1;2227;
2004;1;spain;wcan;2;52591;
2004;1;spain;wcan;3;343794;
2004;1;spain;wcan;4;228373;
2004;1;spain;wcan;5;133963;
2004;1;spain;wcan;6;100841;
2004;1;spain;wcan;7;35284;
2004;1;spain;wcan;8;13106;
2004;1;spain;wcan;9;2937;
2004;1;spain;wcan;10;2937;
2004;1;spain;ngal;2;49424;
2004;1;spain;ngal;3;159583;
2004;1;spain;ngal;4;302548;
2004;1;spain;ngal;5;46458;
2004;1;spain;ngal;6;23724;
2004;1;spain;ngal;7;7405;
2004;1;spain;ngal;8;454;
2004;1;spain;sgal;1;5296;
2004;1;spain;sgal;2;65787;
2004;1;spain;sgal;3;73998;
2004;1;spain;sgal;4;171861;
2004;1;spain;sgal;5;18062;
2004;1;spain;sgal;6;5240;
2004;1;spain;sgal;7;4878;
2004;1;spain;sgal;8;2386;
2005;1;portugal;npor;1;16886755.86;284664
2005;1;portugal;npor;2;20316.38889;1604
2005;1;portugal;npor;3;2202.75;119
2005;1;portugal;swpor;1;4308259;101862
2005;1;portugal;swpor;2;391425;18559
2005;1;portugal;swpor;3;364084;21195
2005;1;portugal;swpor;4;400218;25564
2005;1;portugal;swpor;5;316598;21278
2005;1;portugal;swpor;6;146944;10726
2005;1;portugal;spor;1;230133;9594
2005;1;portugal;spor;2;356138;17745
2005;1;portugal;spor;3;168285;9330
2005;1;portugal;spor;4;156312;9489
2005;1;portugal;spor;5;136785;8690
2005;1;portugal;spor;6;109600;7439
2005;1;portugal;cad;1;689070;16696
2005;1;portugal;cad;2;398294;15699
2005;1;portugal;cad;3;68071;3083
2005;1;portugal;cad;4;44467;2324
2005;1;portugal;cad;5;21384;1279
2005;1;portugal;cad;6;8023;468
2005;1;spain;ecan;1;8464;
2005;1;spain;ecan;2;26961;
2005;1;spain;ecan;3;11468;
2005;1;spain;ecan;4;14301;
2005;1;spain;ecan;5;10301;
2005;1;spain;ecan;6;5302;
2005;1;spain;ecan;7;1253;
2005;1;spain;ecan;8;769;
2005;1;spain;ecan;9;122;
2005;1;spain;wcan;1;709;
2005;1;spain;wcan;2;19481;
2005;1;spain;wcan;3;33924;
2005;1;spain;wcan;4;63097;
2005;1;spain;wcan;5;55799;
2005;1;spain;wcan;6;28962;
2005;1;spain;wcan;7;7968;
2005;1;spain;wcan;8;4337;
2005;1;spain;wcan;9;416;
2005;1;spain;ngal;1;5196;
2005;1;spain;ngal;2;18617;
2005;1;spain;ngal;3;16323;
2005;1;spain;ngal;4;68047;
2005;1;spain;ngal;5;107703;
2005;1;spain;ngal;6;35623;
2005;1;spain;ngal;7;19964;
2005;1;spain;sgal;1;811649;
2005;1;spain;sgal;2;52953;
2005;1;spain;sgal;3;20094;
2005;1;spain;sgal;4;16739;
2005;1;spain;sgal;5;4175;
2006;1;portugal;npor;1;3472528;109413
2006;1;portugal;npor;2;5430794;222131
2006;1;portugal;npor;3;53664;3126
2006;1;portugal;npor;4;142404;8688
2006;1;portugal;npor;5;136243;8428
2006;1;portugal;npor;6;278778;18020
2006;1;portugal;swpor;1;871626;34944
2006;1;portugal;swpor;2;1448580;68862
2006;1;portugal;swpor;3;173967;9746
2006;1;portugal;swpor;4;98980;6351
2006;1;portugal;swpor;5;148560;10087
2006;1;portugal;swpor;6;114013;8451
2006;1;portugal;spor;1;39348;1605
2006;1;portugal;spor;2;204905;10081
2006;1;portugal;spor;3;178424;9751
2006;1;portugal;spor;4;64443;3950
2006;1;portugal;spor;5;160147;10130
2006;1;portugal;spor;6;68772;4677
2006;1;portugal;cad;1;2957108;73142
2006;1;portugal;cad;2;360025;11844
2006;1;portugal;cad;3;37323;1686
2006;1;portugal;cad;4;12703;608
2006;1;portugal;cad;5;25815;1356
2006;1;portugal;cad;6;5956;308
2006;1;spain;ecan;1;1543.039;
2006;1;spain;ecan;2;26971.08685;
2006;1;spain;ecan;3;15065.06239;
2006;1;spain;ecan;4;18344.35998;
2006;1;spain;ecan;5;12839.54494;
2006;1;spain;ecan;6;10824.85427;
2006;1;spain;ecan;7;5663.299273;
2006;1;spain;ecan;8;2647.889446;
2006;1;spain;ecan;9;1300.046863;
2006;1;spain;wcan;1;238.434;
2006;1;spain;wcan;2;54971.33794;
2006;1;spain;wcan;3;54985.72868;
2006;1;spain;wcan;4;76762.03234;
2006;1;spain;wcan;5;53161.20512;
2006;1;spain;wcan;6;45661.10961;
2006;1;spain;wcan;7;25549.00037;
2006;1;spain;wcan;8;11532.02042;
2006;1;spain;wcan;9;5700.072522;
2006;1;spain;ngal;2;173624.8071;
2006;1;spain;ngal;3;58388.00303;
2006;1;spain;ngal;4;19801.85901;
2006;1;spain;ngal;5;28450.90557;
2006;1;spain;ngal;6;17439.28094;
2006;1;spain;ngal;7;8326.0545;
2006;1;spain;ngal;8;382.6649167;
2006;1;spain;ngal;9;382.6649167;
2006;1;spain;sgal;1;112168.9913;
2006;1;spain;sgal;2;609342.7149;
2006;1;spain;sgal;3;5431.385333;
2006;1;spain;sgal;4;9712.836087;
2006;1;spain;sgal;5;12440.73957;
2006;1;spain;sgal;6;4005.232861;
2007;1;portugal;npor;1;404220;14017.57279
2007;1;portugal;npor;2;1089406;52987.9295
2007;1;portugal;npor;3;2315361;122078.9367
2007;1;portugal;npor;4;9308;629.7
2007;1;portugal;npor;5;59544;4122.731818
2007;1;portugal;npor;6;131526;8982.792857
2007;1;portugal;npor;7;164849;11963.75455
2007;1;portugal;npor;8;6967;552.5818182
2007;1;portugal;swpor;1;739132;22114.16718
2007;1;portugal;swpor;2;416470;19677.9065
2007;1;portugal;swpor;3;476585;27378.84211
2007;1;portugal;swpor;4;122384;7618.788158
2007;1;portugal;swpor;5;51594;3465.898684
2007;1;portugal;swpor;6;84323;6188.235526
2007;1;portugal;swpor;7;20500;1563.043421
2007;1;portugal;swpor;8;7030;527.275
2007;1;portugal;swpor;9;5793;452.7184211
2007;1;portugal;swpor;10;591;52.125
2007;1;portugal;spor;1;37490;1428.504902
2007;1;portugal;spor;2;204595;10440.84924
2007;1;portugal;spor;3;168148;9416.970416
2007;1;portugal;spor;4;135617;8282.809649
2007;1;portugal;spor;5;36158;2511.353476
2007;1;portugal;spor;6;75997;5281.743949
2007;1;portugal;spor;7;18196;1362.136054
2007;1;portugal;spor;8;7383;559.1561497
2007;1;portugal;spor;9;3179;243.876161
2007;1;portugal;spor;10;3118;216.6
2007;1;portugal;cad;1;372426;16114.15564
2007;1;portugal;cad;2;1111035;56294.44418
2007;1;portugal;cad;3;264115;14449.44666
2007;1;portugal;cad;4;244830;15060.96423
2007;1;portugal;cad;5;51324;3257.771588
2007;1;portugal;cad;6;28462;1903.702552
2007;1;portugal;cad;7;4958;371.5151515
2007;1;spain;ecan;2;83;
2007;1;spain;ecan;3;930;
2007;1;spain;ecan;4;902;
2007;1;spain;ecan;5;988;
2007;1;spain;ecan;6;920;
2007;1;spain;ecan;7;691;
2007;1;spain;ecan;8;618;
2007;1;spain;ecan;9;33;
2007;1;spain;ecan;10;60;
2007;1;spain;wcan;1;49222;
2007;1;spain;wcan;2;27103;
2007;1;spain;wcan;3;75763;
2007;1;spain;wcan;4;32673;
2007;1;spain;wcan;5;25605;
2007;1;spain;wcan;6;27501;
2007;1;spain;wcan;7;8080;
2007;1;spain;wcan;8;3738;
2007;1;spain;wcan;9;1640;
2007;1;spain;ngal;1;28721;
2007;1;spain;ngal;2;82067;
2007;1;spain;ngal;3;136636;
2007;1;spain;ngal;4;25106;
2007;1;spain;ngal;5;29074;
2007;1;spain;ngal;6;29071;
2007;1;spain;ngal;7;23223;
2007;1;spain;ngal;8;3375;
2007;1;spain;sgal;1;13849;
2007;1;spain;sgal;2;153973;
2007;1;spain;sgal;3;562963;
2007;1;spain;sgal;4;66010;
2007;1;spain;sgal;5;29130;
2007;1;spain;sgal;6;42634;
2008;1;portugal;npor;1;980810.4848;34940.47267
2008;1;portugal;npor;2;519843.7682;23774.16324
2008;1;portugal;npor;3;389222.4672;22494.14869
2008;1;portugal;npor;4;1269744.668;78669.5417
2008;1;portugal;npor;5;21135.71374;1319.077493
2008;1;portugal;npor;6;56098.75752;4105.988088
2008;1;portugal;npor;7;28641.91326;2269.287524
2008;1;portugal;npor;8;37258.22767;2764.320593
2008;1;portugal;swpor;1;1404287.368;7566.709091
2008;1;portugal;swpor;2;22174.54632;954.5268149
2008;1;portugal;swpor;3;13297.87368;710.3952377
2008;1;portugal;swpor;4;34672.0467;2264.096143
2008;1;portugal;swpor;5;2396.249275;184.9096618
2008;1;portugal;swpor;6;9009.817285;631.4103944
2008;1;portugal;swpor;7;5578.409662;432.052657
2008;1;portugal;swpor;8;805.6777778;66.11666667
2008;1;portugal;swpor;9;422.0111111;33.78333333
2008;1;portugal;spor;1;80621.34244;3535.619442
2008;1;portugal;spor;2;79938.62568;3893.379145
2008;1;portugal;spor;3;96343.21365;5211.306882
2008;1;portugal;spor;4;49543.88739;2914.682532
2008;1;portugal;spor;5;60278.13737;3787.95831
2008;1;portugal;spor;6;23442.72553;1549.208473
2008;1;portugal;spor;7;59733.76265;3962.65904
2008;1;portugal;spor;8;17060.82453;1229.160535
2008;1;portugal;spor;9;5283.480769;392.025641
2008;1;portugal;cad;1;1386148.212;15132.74746
2008;1;portugal;cad;2;144781.1714;6579.80517
2008;1;portugal;cad;3;181486.8993;10592.61278
2008;1;portugal;cad;4;33991.46366;2086.434419
2008;1;portugal;cad;5;15522.25397;992.5580618
2008;1;portugal;cad;6;0;0
2008;1;portugal;cad;7;1523;104.8421053
2008;1;spain;ecan;1;23580;
2008;1;spain;ecan;2;56887;
2008;1;spain;ecan;3;31449;
2008;1;spain;ecan;4;42041;
2008;1;spain;ecan;5;10373;
2008;1;spain;ecan;6;13978;
2008;1;spain;ecan;7;8656;
2008;1;spain;ecan;8;4710;
2008;1;spain;ecan;9;3634;
2008;1;spain;wcan;1;88865;
2008;1;spain;wcan;2;91479;
2008;1;spain;wcan;3;92631;
2008;1;spain;wcan;4;164579;
2008;1;spain;wcan;5;57852;
2008;1;spain;wcan;6;84116;
2008;1;spain;wcan;7;44799;
2008;1;spain;wcan;8;12527;
2008;1;spain;wcan;9;3275;
2008;1;spain;ngal;2;22784;
2008;1;spain;ngal;3;69360;
2008;1;spain;ngal;4;134659;
2008;1;spain;ngal;5;23844;
2008;1;spain;ngal;6;17958;
2008;1;spain;ngal;7;14663;
2008;1;spain;sgal;1;55433;
2008;1;spain;sgal;2;160587;
2008;1;spain;sgal;3;124159;
2008;1;spain;sgal;4;243082;
2008;1;spain;sgal;5;19305;
2008;1;spain;sgal;6;23176;
2008;1;spain;sgal;7;17549;
2009;1;portugal;npor;1;4448676.364;74206.10113
2009;1;portugal;npor;2;111616.9183;4987.771847
2009;1;portugal;npor;3;27868.54649;1526.806966
2009;1;portugal;npor;4;142871.431;8571.41384
2009;1;portugal;npor;5;321333.5004;19566.50669
2009;1;portugal;npor;6;11484.53913;796.6429668
2009;1;portugal;npor;7;9504.193653;716.045356
2009;1;portugal;npor;8;18098.33962;1218.921726
2009;1;portugal;npor;9;3960.167183;281.7894737
2009;1;portugal;swpor;1;2085252.472;47316.47778
2009;1;portugal;swpor;2;33097.69069;1696.220181
2009;1;portugal;swpor;3;31499.97773;1923.198916
2009;1;portugal;swpor;4;90434.02546;6275.651259
2009;1;portugal;swpor;5;132427.0967;9546.19042
2009;1;portugal;swpor;6;79126.72116;6030.699471
2009;1;portugal;swpor;7;92883.91151;7097.038694
2009;1;portugal;swpor;8;22849.97354;1857.282804
2009;1;portugal;swpor;9;19997.0119;1618.490476
2009;1;portugal;swpor;10;1332.119048;124.75
2009;1;portugal;spor;1;96098.08333;3455.222222
2009;1;portugal;spor;2;67335.24321;3215.09819
2009;1;portugal;spor;3;26734.83868;1514.553951
2009;1;portugal;spor;4;39717.05382;2466.311321
2009;1;portugal;spor;5;23309.94879;1496.05907
2009;1;portugal;spor;6;5648.300699;398.1923077
2009;1;portugal;spor;7;13011.56643;905.2237762
2009;1;portugal;spor;8;3106.965035;236.3391608
2009;1;portugal;cad;1;397994.8809;14254.05989
2009;1;portugal;cad;2;277803.6397;14533.45177
2009;1;portugal;cad;3;258771.4883;14894.98816
2009;1;portugal;cad;4;348311.508;21167.98922
2009;1;portugal;cad;5;160171.6455;10373.65368
2009;1;portugal;cad;6;93965.97845;6389.864534
2009;1;portugal;cad;7;6996.666667;513.5555556
2009;1;portugal;cad;8;19399.18829;1305.6879
2009;1;portugal;cad;9;7112.004274;524.7492877
2009;1;spain;ecan;1;26122;918
2009;1;spain;ecan;2;71704;4257
2009;1;spain;ecan;3;17559;1262
2009;1;spain;ecan;4;13259;1085
2009;1;spain;ecan;5;24892;2094
2009;1;spain;ecan;6;6431;588
2009;1;spain;ecan;7;4992;466
2009;1;spain;ecan;8;3108;302
2009;1;spain;ecan;9;383;44
2009;1;spain;wcan;1;15906;610
2009;1;spain;wcan;2;97335;6093
2009;1;spain;wcan;3;54604;4007
2009;1;spain;wcan;4;53934;4678
2009;1;spain;wcan;5;106612;9342
2009;1;spain;wcan;6;36798;3372
2009;1;spain;wcan;7;19688;1899
2009;1;spain;wcan;8;10348;994
2009;1;spain;wcan;9;2718;287
2009;1;spain;wcan;10;1130;128
2009;1;spain;ngal;1;0;0
2009;1;spain;ngal;2;0;0
2009;1;spain;ngal;3;0;0
2009;1;spain;ngal;4;0;0
2009;1;spain;ngal;5;0;0
2009;1;spain;ngal;6;0;0
2009;1;spain;ngal;7;0;0
2009;1;spain;ngal;8;0;0
2009;1;spain;ngal;9;0;0
2009;1;spain;ngal;10;0;0
2009;1;spain;sgal;1;25810;965
2009;1;spain;sgal;2;8246;409
2009;1;spain;sgal;3;1711;109
2009;1;spain;sgal;4;2951;201
2009;1;spain;sgal;5;3964;292
2009;1;spain;sgal;6;1301;98
2009;1;spain;sgal;7;1171;94
2010;1;portugal;npor;1;4078055;107699
2010;1;portugal;npor;2;282801;10908
2010;1;portugal;npor;3;74038;3170
2010;1;portugal;npor;4;4951;295
2010;1;portugal;npor;5;14612;867
2010;1;portugal;npor;6;25239;1544
2010;1;portugal;npor;7;448;30
2010;1;portugal;npor;8;356;22
2010;1;portugal;npor;9;236;18
2010;1;portugal;swpor;1;303694;6645
2010;1;portugal;swpor;2;72957;3417
2010;1;portugal;swpor;3;197276;10673
2010;1;portugal;swpor;4;77183;4576
2010;1;portugal;swpor;5;110146;6770
2010;1;portugal;swpor;6;91049;5875
2010;1;portugal;swpor;7;35798;2480
2010;1;portugal;swpor;8;25248;1808
2010;1;portugal;swpor;9;5494;432
2010;1;portugal;swpor;10;3256;253
2010;1;portugal;spor;1;339530;2174.103783
2010;1;portugal;spor;2;67749;2760.324639
2010;1;portugal;spor;3;34608;1570.624813
2010;1;portugal;spor;4;20231;981.8641615
2010;1;portugal;spor;5;22758;1198.51749
2010;1;portugal;spor;6;17312;961.8396236
2010;1;portugal;spor;7;12671;710.4681104
2010;1;portugal;spor;8;9021;535.0025629
2010;1;portugal;spor;9;4143;258.7125944
2010;1;portugal;spor;10;2333;139.5422228
2010;1;portugal;cad;1;2547495;10575.4875
2010;1;portugal;cad;2;160756;5756.973058
2010;1;portugal;cad;3;80475;3160.685808
2010;1;portugal;cad;4;33516;1497.708859
2010;1;portugal;cad;5;62133;3139.325735
2010;1;portugal;cad;6;24374;1245.049716
2010;1;portugal;cad;7;11426;589.5095201
2010;1;portugal;cad;8;6038;307.6348039
2010;1;portugal;cad;9;0;0
2010;1;portugal;cad;10;2278;117.625
2010;1;spain;ecan;1;1423;
2010;1;spain;ecan;2;15695;
2010;1;spain;ecan;3;35715;
2010;1;spain;ecan;4;9549;
2010;1;spain;ecan;5;5578;
2010;1;spain;ecan;6;7294;
2010;1;spain;ecan;7;3376;
2010;1;spain;ecan;8;3020;
2010;1;spain;ecan;9;1821;
2010;1;spain;wcan;1;539;
2010;1;spain;wcan;2;14826;
2010;1;spain;wcan;3;68484;
2010;1;spain;wcan;4;22846;
2010;1;spain;wcan;5;13965;
2010;1;spain;wcan;6;15865;
2010;1;spain;wcan;7;4150;
2010;1;spain;wcan;8;1833;
2010;1;spain;wcan;9;1070;
2010;1;spain;wcan;10;1110;
2010;1;spain;ngal;1;28342;
2010;1;spain;ngal;2;36817;
2010;1;spain;ngal;3;19796;
2010;1;spain;ngal;4;8313;
2010;1;spain;ngal;5;16868;
2010;1;spain;ngal;6;14835;
2010;1;spain;ngal;7;2547;
2010;1;spain;ngal;8;2035;
2010;1;spain;ngal;9;2035;
2010;1;spain;sgal;1;40506;
2010;1;spain;sgal;2;50482;
2010;1;spain;sgal;3;26478;
2010;1;spain;sgal;4;11090;
2010;1;spain;sgal;5;22635;
2010;1;spain;sgal;6;19387;
2010;1;spain;sgal;7;3249;
2010;1;spain;sgal;8;2619;
2010;1;spain;sgal;9;2619;
2011;1;portugal;npor;1;340032;12635
2011;1;portugal;npor;2;882911;44344
2011;1;portugal;npor;3;182654;10088
2011;1;portugal;npor;4;95090;5349
2011;1;portugal;npor;5;44609;2755
2011;1;portugal;npor;6;219952;14388
2011;1;portugal;swpor;1;244230;5038
2011;1;portugal;swpor;2;32804;1729
2011;1;portugal;swpor;3;15673;951
2011;1;portugal;swpor;4;13479;856
2011;1;portugal;swpor;5;12004;809
2011;1;portugal;swpor;6;78878;5404
2011;1;portugal;spor;1;149943;5092
2011;1;portugal;spor;2;83575;3509
2011;1;portugal;spor;3;95865;2849
2011;1;portugal;spor;4;44245;2407
2011;1;portugal;spor;5;36871;2725
2011;1;portugal;spor;6;54077;3491
2011;1;portugal;cad;1;22804;1215
2011;1;portugal;cad;2;12710;565
2011;1;portugal;cad;3;14580;252
2011;1;portugal;cad;4;6729;123
2011;1;portugal;cad;5;5608;71
2011;1;portugal;cad;6;8225;110
2011;1;spain;ecan;1;11;
2011;1;spain;ecan;2;218;
2011;1;spain;ecan;3;362;
2011;1;spain;ecan;4;223;
2011;1;spain;ecan;5;18;
2011;1;spain;ecan;6;9;
2011;1;spain;ecan;7;10;
2011;1;spain;ecan;8;3;
2011;1;spain;ecan;9;1;
2011;1;spain;wcan;1;317;
2011;1;spain;wcan;2;2378;
2011;1;spain;wcan;3;27644;
2011;1;spain;wcan;4;49436;
2011;1;spain;wcan;5;16208;
2011;1;spain;wcan;6;9616;
2011;1;spain;wcan;7;5102;
2011;1;spain;wcan;8;3274;
2011;1;spain;wcan;9;3966;
2011;1;spain;wcan;10;4855;
2011;1;spain;sgal;1;7168;
2011;1;spain;sgal;2;18892;
2012;1;spain;ngal;1;0;
2012;1;spain;ngal;2;20.8;
2012;1;spain;ngal;3;16.1;
2012;1;spain;ngal;4;9.6;
2012;1;spain;ngal;5;18.4;
2012;1;spain;ngal;6;11.8;
2012;1;spain;ngal;7;12.8;
2012;1;spain;ngal;8;10.6;
2012;1;spain;sgal;1;10149;
2012;1;spain;sgal;2;29083;
2012;1;spain;sgal;3;76816;
2012;1;spain;sgal;4;18061;
2012;1;spain;sgal;5;6188;
2012;1;spain;sgal;6;4493;
2012;1;spain;sgal;7;5846;
2012;1;spain;sgal;8;5559;
2012;1;spain;can;1;134;
2012;1;spain;can;2;500;
2012;1;spain;can;3;706;
2012;1;spain;can;4;4735;
2012;1;spain;can;5;3729;
2012;1;spain;can;6;1298;
2012;1;spain;can;7;1434;
2013;1;portugal;npor;1;240950.0779;8414.310245
2013;1;portugal;npor;2;9936.832373;498.0042706
2013;1;portugal;npor;3;1961.346649;118.1507618
2013;1;portugal;npor;4;1150.396429;83.93214286
2013;1;portugal;npor;5;154.3126984;10.80793651
2013;1;portugal;npor;6;178.2303571;14.12678571
2013;1;portugal;npor;7;185.7732143;15.14107143
2013;1;portugal;npor;8;171.3732143;14.0077381
2013;1;portugal;npor;9;59.65714286;5.519047619
2013;1;portugal;swpor;1;1090861.277;37980.40693
2013;1;portugal;swpor;2;75747.48959;4524.05695
2013;1;portugal;swpor;3;121390.36;7704.354052
2013;1;portugal;swpor;4;52998.27458;4000.089007
2013;1;portugal;swpor;5;98518.26963;7425.726376
2013;1;portugal;swpor;6;63527.05756;4995.778413
2013;1;portugal;swpor;7;30734.75632;2428.421258
2013;1;portugal;swpor;8;27178.52965;2126.545008
2013;1;portugal;swpor;9;13731.98565;1102.62201
2013;1;portugal;spor;1;81668.29091;3218.785606
2013;1;portugal;spor;2;38848.79221;1823.120022
2013;1;portugal;spor;3;40659.74937;2042.260693
2013;1;portugal;spor;4;7893.044449;497.332803
2013;1;portugal;spor;5;14247.36803;961.3171026
2013;1;portugal;spor;6;6565.993988;450.0606447
2013;1;portugal;spor;7;3209.335496;228.8202952
2013;1;portugal;spor;8;2821.351439;205.9174804
2013;1;portugal;spor;9;606.1822145;45.54751526
2013;1;portugal;spor;10;260.8918919;18.83783784
2013;1;portugal;cad;1;398704.5038;16575.39848
2013;1;portugal;cad;2;73881.11742;3387.719697
2013;1;portugal;cad;3;17825.54848;913.5939394
2013;1;portugal;cad;4;1715.587879;108.4848485
2013;1;portugal;cad;5;708.2878788;49.05984848
2013;1;portugal;cad;6;108;8.05
2013;1;portugal;cad;7;95.95454545;6.693181818
2013;1;spain;ngal;1;0;0
2013;1;spain;ngal;2;12;1
2013;1;spain;ngal;3;33;3
2013;1;spain;ngal;4;106;9
2013;1;spain;ngal;5;195;17
2013;1;spain;ngal;6;125;11
2013;1;spain;ngal;7;31;3
2013;1;spain;ngal;8;24;2
2013;1;spain;ngal;9;8;1
2013;1;spain;sgal;1;6612;216
2013;1;spain;sgal;2;3004;168
2013;1;spain;sgal;3;2336;143
2013;1;spain;sgal;4;1432;101
2013;1;spain;sgal;5;1989;143
2013;1;spain;sgal;6;486;37
2013;1;spain;sgal;7;65;0
2013;1;spain;sgal;8;4.6;
2013;1;spain;can;1;2851;91
2013;1;spain;can;2;9035;498
2013;1;spain;can;3;8638;524
2013;1;spain;can;4;4846;359
2013;1;spain;can;5;8095;626
2013;1;spain;can;6;3303;283
2013;1;spain;can;7;661;58
2013;1;spain;can;8;386;37
2013;1;spain;can;9;74;8
2014;1;portugal;npor;1;1687553;28217
2014;1;portugal;npor;2;9823;487
2014;1;portugal;swpor;1;218810;6946
2014;1;portugal;swpor;2;21937;963
2014;1;portugal;swpor;3;792;49
2014;1;portugal;swpor;4;1048;68
2014;1;portugal;swpor;5;211;14
2014;1;portugal;swpor;6;447;37
2014;1;portugal;swpor;7;126;10
2014;1;portugal;swpor;8;189;16
2014;1;portugal;swpor;9;162;15
2014;1;portugal;spor;1;82910;3102
2014;1;portugal;spor;2;65671;3187
2014;1;portugal;spor;3;47720;2730
2014;1;portugal;spor;4;50799;2985
2014;1;portugal;spor;5;26591;1878
2014;1;portugal;spor;6;33882;2462
2014;1;portugal;spor;7;27566;2061
2014;1;portugal;spor;8;14662;1137
2014;1;portugal;spor;9;5823;446
2014;1;portugal;spor;10;584;39
2014;1;portugal;cad;1;838660;23031
2014;1;portugal;cad;2;266663;11851
2014;1;portugal;cad;3;66023;3717
2014;1;portugal;cad;4;57358;3311
2014;1;portugal;cad;5;13544;896
2014;1;portugal;cad;6;13997;1105
2014;1;portugal;cad;7;4023;290
2014;1;spain;ngal;1;0;0
2014;1;spain;ngal;2;0;0
2014;1;spain;ngal;3;0;0
2014;1;spain;ngal;4;0;0
2014;1;spain;ngal;5;0;0
2014;1;spain;ngal;6;0;0
2014;1;spain;ngal;7;0;0
2014;1;spain;ngal;8;0;0
2014;1;spain;sgal;1;980;32
2014;1;spain;sgal;2;275;12
2014;1;spain;sgal;3;45;3
2014;1;spain;sgal;4;14;1
2014;1;spain;sgal;5;8;1
2014;1;spain;sgal;6;10;1
2014;1;spain;sgal;7;3;0
2014;1;spain;sgal;8;0;0
2014;1;spain;can;1;16147;680
2014;1;spain;can;2;63086;3409
2014;1;spain;can;3;34238;2197
2014;1;spain;can;4;11556;855
2014;1;spain;can;5;7892;667
2014;1;spain;can;6;7950;688
2014;1;spain;can;7;3762;357
2014;1;spain;can;8;1166;121
2015;1;portugal;npor;1;723311;26597
2015;1;portugal;npor;2;65716;3701
2015;1;portugal;npor;3;19418;1342
2015;1;portugal;npor;4;4163;329
2015;1;portugal;npor;5;5629;398
2015;1;portugal;npor;6;1785;139
2015;1;portugal;npor;7;21;2
2015;1;portugal;npor;8;834;68
2015;1;portugal;npor;9;697;53
2015;1;portugal;swpor;1;1041431;17997
2015;1;portugal;swpor;2;26056;1605
2015;1;portugal;swpor;3;27672;2040
2015;1;portugal;swpor;4;30670;2326
2015;1;portugal;swpor;5;28299;2390
2015;1;portugal;swpor;6;16285;1307
2015;1;portugal;swpor;7;10137;829
2015;1;portugal;swpor;8;0;0
2015;1;portugal;swpor;9;0;0
2015;1;portugal;swpor;10;1443;135
2015;1;portugal;spor;1;20927;899
2015;1;portugal;spor;2;39919;2258
2015;1;portugal;spor;3;54688;3429
2015;1;portugal;spor;4;33026;2168
2015;1;portugal;spor;5;44940;2959
2015;1;portugal;spor;6;20237;1503
2015;1;portugal;spor;7;15727;1174
2015;1;portugal;spor;8;4256;339
2015;1;portugal;spor;9;3306;253
2015;1;portugal;spor;10;614;50
2015;1;portugal;cad;1;155759;1237
2015;1;portugal;cad;2;1246;60
2015;1;portugal;cad;3;2112;127
2015;1;portugal;cad;4;2766;184
2015;1;portugal;cad;5;211;15
2015;1;portugal;cad;6;106;8
2015;1;spain;ngal;1;443;15
2015;1;spain;ngal;2;61;3
2015;1;spain;ngal;3;28;1
2015;1;spain;ngal;4;1;0.1
2015;1;spain;sgal;1;21084;721
2015;1;spain;sgal;2;4150;225
2015;1;spain;sgal;3;5092;366
2015;1;spain;sgal;4;3523;297
2015;1;spain;sgal;5;2685;238
2015;1;spain;sgal;6;1546;145
2015;1;spain;sgal;7;1579;150
2015;1;spain;sgal;8;509;51
2015;1;spain;sgal;9;112;12
2015;1;spain;can;1;34150;1384
2015;1;spain;can;2;48892;2435
2015;1;spain;can;3;46882;2602
2015;1;spain;can;4;7856;597
2015;1;spain;can;5;4200;376
2015;1;spain;can;6;2966;291
2015;1;spain;can;7;3596;344
2015;1;spain;can;8;1022;106
2015;1;spain;can;9;219;25
